# 13856993 in a 9-term representation of 1?  exhaustive search, code/findm_complete.c
# run: ./findm_complete 13856993 6 2000 w 9   for w = 0..1999, 10 at a time (M-series laptop, 10 cores),
#      12:31 to 13:00 PDT on 2026-09-23
#
# known answers first (same binary, K given last):
#   ./findm_complete 27538 3 1 0 8    -> 474 solutions  (percandidate.py count 8 27538 gives 474)
#   ./findm_complete 27538 3 7 w 8    -> 474 in total over 7 shards
#   ./findm_complete 27539 3 1 0 8    -> 0              (v(8) = 27539)
#   ./findm_complete 27539 3 5 w 8    -> 0 over 5 shards
#   ./findm_complete 27551 3 1 0 8    -> 4
#   ./findm_complete 732 3 1 0 7      -> 116
#   ./findm_complete 733 3 1 0 7      -> 0              (v(7) = 733)
#   ./findm_complete 102 3 1 0 6      -> 11
#   ./findm_complete 103 3 1 0 6      -> 0              (v(6) = 103)
#   ./findm_complete 79 3 1 0 6       -> 2
#   all with skip counts 0
#
# summary: 2000 shards, 0 solutions, 0 skipped branches, 406906925247 nodes, prefixes=153907908 in every shard
#
DONE M=13856993 shard=0/2000 nodes=206523282 sols=0 skip_q=0 skip_num=0 skip_sieve=0 prefixes=153907908 wide=9874
DONE M=13856993 shard=1/2000 nodes=156098983 sols=0 skip_q=0 skip_num=0 skip_sieve=0 prefixes=153907908 wide=9204
DONE M=13856993 shard=2/2000 nodes=166665294 sols=0 skip_q=0 skip_num=0 skip_sieve=0 prefixes=153907908 wide=10187
DONE M=13856993 shard=3/2000 nodes=159741280 sols=0 skip_q=0 skip_num=0 skip_sieve=0 prefixes=153907908 wide=9641
DONE M=13856993 shard=4/2000 nodes=313789702 sols=0 skip_q=0 skip_num=0 skip_sieve=0 prefixes=153907908 wide=10472
DONE M=13856993 shard=5/2000 nodes=158629243 sols=0 skip_q=0 skip_num=0 skip_sieve=0 prefixes=153907908 wide=10224
DONE M=13856993 shard=6/2000 nodes=150270917 sols=0 skip_q=0 skip_num=0 skip_sieve=0 prefixes=153907908 wide=9167
DONE M=13856993 shard=7/2000 nodes=180616906 sols=0 skip_q=0 skip_num=0 skip_sieve=0 prefixes=153907908 wide=10528
DONE M=13856993 shard=8/2000 nodes=335271200 sols=0 skip_q=0 skip_num=0 skip_sieve=0 prefixes=153907908 wide=10406
DONE M=13856993 shard=9/2000 nodes=239779079 sols=0 skip_q=0 skip_num=0 skip_sieve=0 prefixes=153907908 wide=10252
DONE M=13856993 shard=10/2000 nodes=159994196 sols=0 skip_q=0 skip_num=0 skip_sieve=0 prefixes=153907908 wide=9936
DONE M=13856993 shard=11/2000 nodes=181127614 sols=0 skip_q=0 skip_num=0 skip_sieve=0 prefixes=153907908 wide=9619
DONE M=13856993 shard=12/2000 nodes=201593570 sols=0 skip_q=0 skip_num=0 skip_sieve=0 prefixes=153907908 wide=10310
DONE M=13856993 shard=13/2000 nodes=202943999 sols=0 skip_q=0 skip_num=0 skip_sieve=0 prefixes=153907908 wide=10615
DONE M=13856993 shard=14/2000 nodes=177779725 sols=0 skip_q=0 skip_num=0 skip_sieve=0 prefixes=153907908 wide=10339
DONE M=13856993 shard=15/2000 nodes=165056191 sols=0 skip_q=0 skip_num=0 skip_sieve=0 prefixes=153907908 wide=10045
DONE M=13856993 shard=16/2000 nodes=212820680 sols=0 skip_q=0 skip_num=0 skip_sieve=0 prefixes=153907908 wide=9449
DONE M=13856993 shard=17/2000 nodes=166312929 sols=0 skip_q=0 skip_num=0 skip_sieve=0 prefixes=153907908 wide=10220
DONE M=13856993 shard=18/2000 nodes=199059898 sols=0 skip_q=0 skip_num=0 skip_sieve=0 prefixes=153907908 wide=10269
DONE M=13856993 shard=19/2000 nodes=236068658 sols=0 skip_q=0 skip_num=0 skip_sieve=0 prefixes=153907908 wide=9631
DONE M=13856993 shard=20/2000 nodes=188684375 sols=0 skip_q=0 skip_num=0 skip_sieve=0 prefixes=153907908 wide=10073
DONE M=13856993 shard=21/2000 nodes=172910344 sols=0 skip_q=0 skip_num=0 skip_sieve=0 prefixes=153907908 wide=9537
DONE M=13856993 shard=22/2000 nodes=156637505 sols=0 skip_q=0 skip_num=0 skip_sieve=0 prefixes=153907908 wide=10187
DONE M=13856993 shard=23/2000 nodes=195117094 sols=0 skip_q=0 skip_num=0 skip_sieve=0 prefixes=153907908 wide=10616
DONE M=13856993 shard=24/2000 nodes=577073686 sols=0 skip_q=0 skip_num=0 skip_sieve=0 prefixes=153907908 wide=10475
DONE M=13856993 shard=25/2000 nodes=155054743 sols=0 skip_q=0 skip_num=0 skip_sieve=0 prefixes=153907908 wide=10176
DONE M=13856993 shard=26/2000 nodes=177703019 sols=0 skip_q=0 skip_num=0 skip_sieve=0 prefixes=153907908 wide=9329
DONE M=13856993 shard=27/2000 nodes=175565999 sols=0 skip_q=0 skip_num=0 skip_sieve=0 prefixes=153907908 wide=10297
DONE M=13856993 shard=28/2000 nodes=235989351 sols=0 skip_q=0 skip_num=0 skip_sieve=0 prefixes=153907908 wide=10405
DONE M=13856993 shard=29/2000 nodes=256622998 sols=0 skip_q=0 skip_num=0 skip_sieve=0 prefixes=153907908 wide=10627
DONE M=13856993 shard=30/2000 nodes=141116572 sols=0 skip_q=0 skip_num=0 skip_sieve=0 prefixes=153907908 wide=9938
DONE M=13856993 shard=31/2000 nodes=175964912 sols=0 skip_q=0 skip_num=0 skip_sieve=0 prefixes=153907908 wide=9697
DONE M=13856993 shard=32/2000 nodes=230937301 sols=0 skip_q=0 skip_num=0 skip_sieve=0 prefixes=153907908 wide=10309
DONE M=13856993 shard=33/2000 nodes=204234138 sols=0 skip_q=0 skip_num=0 skip_sieve=0 prefixes=153907908 wide=10258
DONE M=13856993 shard=34/2000 nodes=184101867 sols=0 skip_q=0 skip_num=0 skip_sieve=0 prefixes=153907908 wide=10336
DONE M=13856993 shard=35/2000 nodes=143658846 sols=0 skip_q=0 skip_num=0 skip_sieve=0 prefixes=153907908 wide=9050
DONE M=13856993 shard=36/2000 nodes=188526208 sols=0 skip_q=0 skip_num=0 skip_sieve=0 prefixes=153907908 wide=9364
DONE M=13856993 shard=37/2000 nodes=184051013 sols=0 skip_q=0 skip_num=0 skip_sieve=0 prefixes=153907908 wide=10567
DONE M=13856993 shard=38/2000 nodes=189825307 sols=0 skip_q=0 skip_num=0 skip_sieve=0 prefixes=153907908 wide=10269
DONE M=13856993 shard=39/2000 nodes=253345957 sols=0 skip_q=0 skip_num=0 skip_sieve=0 prefixes=153907908 wide=10627
DONE M=13856993 shard=40/2000 nodes=249323273 sols=0 skip_q=0 skip_num=0 skip_sieve=0 prefixes=153907908 wide=10072
DONE M=13856993 shard=41/2000 nodes=157473385 sols=0 skip_q=0 skip_num=0 skip_sieve=0 prefixes=153907908 wide=9189
DONE M=13856993 shard=42/2000 nodes=180874881 sols=0 skip_q=0 skip_num=0 skip_sieve=0 prefixes=153907908 wide=10192
DONE M=13856993 shard=43/2000 nodes=181428283 sols=0 skip_q=0 skip_num=0 skip_sieve=0 prefixes=153907908 wide=10406
DONE M=13856993 shard=44/2000 nodes=314544425 sols=0 skip_q=0 skip_num=0 skip_sieve=0 prefixes=153907908 wide=10466
DONE M=13856993 shard=45/2000 nodes=161737435 sols=0 skip_q=0 skip_num=0 skip_sieve=0 prefixes=153907908 wide=10226
DONE M=13856993 shard=46/2000 nodes=152083948 sols=0 skip_q=0 skip_num=0 skip_sieve=0 prefixes=153907908 wide=9321
DONE M=13856993 shard=47/2000 nodes=176889422 sols=0 skip_q=0 skip_num=0 skip_sieve=0 prefixes=153907908 wide=10544
DONE M=13856993 shard=48/2000 nodes=265982980 sols=0 skip_q=0 skip_num=0 skip_sieve=0 prefixes=153907908 wide=10410
DONE M=13856993 shard=49/2000 nodes=294414880 sols=0 skip_q=0 skip_num=0 skip_sieve=0 prefixes=153907908 wide=10255
DONE M=13856993 shard=50/2000 nodes=143062435 sols=0 skip_q=0 skip_num=0 skip_sieve=0 prefixes=153907908 wide=9740
DONE M=13856993 shard=51/2000 nodes=164050818 sols=0 skip_q=0 skip_num=0 skip_sieve=0 prefixes=153907908 wide=8849
DONE M=13856993 shard=52/2000 nodes=206333868 sols=0 skip_q=0 skip_num=0 skip_sieve=0 prefixes=153907908 wide=10321
DONE M=13856993 shard=53/2000 nodes=203259520 sols=0 skip_q=0 skip_num=0 skip_sieve=0 prefixes=153907908 wide=10605
DONE M=13856993 shard=54/2000 nodes=176743573 sols=0 skip_q=0 skip_num=0 skip_sieve=0 prefixes=153907908 wide=10330
DONE M=13856993 shard=55/2000 nodes=162455793 sols=0 skip_q=0 skip_num=0 skip_sieve=0 prefixes=153907908 wide=10054
DONE M=13856993 shard=56/2000 nodes=243508427 sols=0 skip_q=0 skip_num=0 skip_sieve=0 prefixes=153907908 wide=9307
DONE M=13856993 shard=57/2000 nodes=167178439 sols=0 skip_q=0 skip_num=0 skip_sieve=0 prefixes=153907908 wide=10221
DONE M=13856993 shard=58/2000 nodes=233416443 sols=0 skip_q=0 skip_num=0 skip_sieve=0 prefixes=153907908 wide=10276
DONE M=13856993 shard=59/2000 nodes=245854735 sols=0 skip_q=0 skip_num=0 skip_sieve=0 prefixes=153907908 wide=10399
DONE M=13856993 shard=60/2000 nodes=186943494 sols=0 skip_q=0 skip_num=0 skip_sieve=0 prefixes=153907908 wide=10074
DONE M=13856993 shard=61/2000 nodes=179745125 sols=0 skip_q=0 skip_num=0 skip_sieve=0 prefixes=153907908 wide=9556
DONE M=13856993 shard=62/2000 nodes=157804211 sols=0 skip_q=0 skip_num=0 skip_sieve=0 prefixes=153907908 wide=10204
DONE M=13856993 shard=63/2000 nodes=194128271 sols=0 skip_q=0 skip_num=0 skip_sieve=0 prefixes=153907908 wide=10614
DONE M=13856993 shard=64/2000 nodes=375797332 sols=0 skip_q=0 skip_num=0 skip_sieve=0 prefixes=153907908 wide=10470
DONE M=13856993 shard=65/2000 nodes=156312305 sols=0 skip_q=0 skip_num=0 skip_sieve=0 prefixes=153907908 wide=10187
DONE M=13856993 shard=66/2000 nodes=164517620 sols=0 skip_q=0 skip_num=0 skip_sieve=0 prefixes=153907908 wide=9332
DONE M=13856993 shard=67/2000 nodes=163248762 sols=0 skip_q=0 skip_num=0 skip_sieve=0 prefixes=153907908 wide=9559
DONE M=13856993 shard=68/2000 nodes=238045438 sols=0 skip_q=0 skip_num=0 skip_sieve=0 prefixes=153907908 wide=10411
DONE M=13856993 shard=69/2000 nodes=255930914 sols=0 skip_q=0 skip_num=0 skip_sieve=0 prefixes=153907908 wide=10612
DONE M=13856993 shard=70/2000 nodes=141470563 sols=0 skip_q=0 skip_num=0 skip_sieve=0 prefixes=153907908 wide=9922
DONE M=13856993 shard=71/2000 nodes=178876648 sols=0 skip_q=0 skip_num=0 skip_sieve=0 prefixes=153907908 wide=9852
DONE M=13856993 shard=72/2000 nodes=263340601 sols=0 skip_q=0 skip_num=0 skip_sieve=0 prefixes=153907908 wide=10328
DONE M=13856993 shard=73/2000 nodes=185410342 sols=0 skip_q=0 skip_num=0 skip_sieve=0 prefixes=153907908 wide=10265
DONE M=13856993 shard=74/2000 nodes=210557976 sols=0 skip_q=0 skip_num=0 skip_sieve=0 prefixes=153907908 wide=10335
DONE M=13856993 shard=75/2000 nodes=150633106 sols=0 skip_q=0 skip_num=0 skip_sieve=0 prefixes=153907908 wide=9827
DONE M=13856993 shard=76/2000 nodes=187047887 sols=0 skip_q=0 skip_num=0 skip_sieve=0 prefixes=153907908 wide=9456
DONE M=13856993 shard=77/2000 nodes=189404710 sols=0 skip_q=0 skip_num=0 skip_sieve=0 prefixes=153907908 wide=10571
DONE M=13856993 shard=78/2000 nodes=191804855 sols=0 skip_q=0 skip_num=0 skip_sieve=0 prefixes=153907908 wide=10283
DONE M=13856993 shard=79/2000 nodes=252046972 sols=0 skip_q=0 skip_num=0 skip_sieve=0 prefixes=153907908 wide=10620
DONE M=13856993 shard=80/2000 nodes=212629178 sols=0 skip_q=0 skip_num=0 skip_sieve=0 prefixes=153907908 wide=10067
DONE M=13856993 shard=81/2000 nodes=154859235 sols=0 skip_q=0 skip_num=0 skip_sieve=0 prefixes=153907908 wide=9036
DONE M=13856993 shard=82/2000 nodes=167063287 sols=0 skip_q=0 skip_num=0 skip_sieve=0 prefixes=153907908 wide=10184
DONE M=13856993 shard=83/2000 nodes=164550457 sols=0 skip_q=0 skip_num=0 skip_sieve=0 prefixes=153907908 wide=9629
DONE M=13856993 shard=84/2000 nodes=314402612 sols=0 skip_q=0 skip_num=0 skip_sieve=0 prefixes=153907908 wide=10466
DONE M=13856993 shard=85/2000 nodes=158183529 sols=0 skip_q=0 skip_num=0 skip_sieve=0 prefixes=153907908 wide=10226
DONE M=13856993 shard=86/2000 nodes=164771501 sols=0 skip_q=0 skip_num=0 skip_sieve=0 prefixes=153907908 wide=9227
DONE M=13856993 shard=87/2000 nodes=176180759 sols=0 skip_q=0 skip_num=0 skip_sieve=0 prefixes=153907908 wide=10538
DONE M=13856993 shard=88/2000 nodes=296688345 sols=0 skip_q=0 skip_num=0 skip_sieve=0 prefixes=153907908 wide=10409
DONE M=13856993 shard=89/2000 nodes=239530509 sols=0 skip_q=0 skip_num=0 skip_sieve=0 prefixes=153907908 wide=10265
DONE M=13856993 shard=90/2000 nodes=162143773 sols=0 skip_q=0 skip_num=0 skip_sieve=0 prefixes=153907908 wide=9933
DONE M=13856993 shard=91/2000 nodes=172055407 sols=0 skip_q=0 skip_num=0 skip_sieve=0 prefixes=153907908 wide=9622
DONE M=13856993 shard=92/2000 nodes=202332405 sols=0 skip_q=0 skip_num=0 skip_sieve=0 prefixes=153907908 wide=10332
DONE M=13856993 shard=93/2000 nodes=204119398 sols=0 skip_q=0 skip_num=0 skip_sieve=0 prefixes=153907908 wide=10612
DONE M=13856993 shard=94/2000 nodes=177898042 sols=0 skip_q=0 skip_num=0 skip_sieve=0 prefixes=153907908 wide=10335
DONE M=13856993 shard=95/2000 nodes=158996538 sols=0 skip_q=0 skip_num=0 skip_sieve=0 prefixes=153907908 wide=10046
DONE M=13856993 shard=96/2000 nodes=211894975 sols=0 skip_q=0 skip_num=0 skip_sieve=0 prefixes=153907908 wide=9453
DONE M=13856993 shard=97/2000 nodes=165039026 sols=0 skip_q=0 skip_num=0 skip_sieve=0 prefixes=153907908 wide=10227
DONE M=13856993 shard=98/2000 nodes=202706337 sols=0 skip_q=0 skip_num=0 skip_sieve=0 prefixes=153907908 wide=10280
DONE M=13856993 shard=99/2000 nodes=330203751 sols=0 skip_q=0 skip_num=0 skip_sieve=0 prefixes=153907908 wide=9633
DONE M=13856993 shard=100/2000 nodes=181448561 sols=0 skip_q=0 skip_num=0 skip_sieve=0 prefixes=153907908 wide=9872
DONE M=13856993 shard=101/2000 nodes=173300930 sols=0 skip_q=0 skip_num=0 skip_sieve=0 prefixes=153907908 wide=9547
DONE M=13856993 shard=102/2000 nodes=159834523 sols=0 skip_q=0 skip_num=0 skip_sieve=0 prefixes=153907908 wide=10181
DONE M=13856993 shard=103/2000 nodes=195063865 sols=0 skip_q=0 skip_num=0 skip_sieve=0 prefixes=153907908 wide=10632
DONE M=13856993 shard=104/2000 nodes=455040304 sols=0 skip_q=0 skip_num=0 skip_sieve=0 prefixes=153907908 wide=10477
DONE M=13856993 shard=105/2000 nodes=156804479 sols=0 skip_q=0 skip_num=0 skip_sieve=0 prefixes=153907908 wide=10164
DONE M=13856993 shard=106/2000 nodes=172882704 sols=0 skip_q=0 skip_num=0 skip_sieve=0 prefixes=153907908 wide=9155
DONE M=13856993 shard=107/2000 nodes=172257588 sols=0 skip_q=0 skip_num=0 skip_sieve=0 prefixes=153907908 wide=10312
DONE M=13856993 shard=108/2000 nodes=260740647 sols=0 skip_q=0 skip_num=0 skip_sieve=0 prefixes=153907908 wide=10397
DONE M=13856993 shard=109/2000 nodes=258366986 sols=0 skip_q=0 skip_num=0 skip_sieve=0 prefixes=153907908 wide=10611
DONE M=13856993 shard=110/2000 nodes=142173183 sols=0 skip_q=0 skip_num=0 skip_sieve=0 prefixes=153907908 wide=9936
DONE M=13856993 shard=111/2000 nodes=194443473 sols=0 skip_q=0 skip_num=0 skip_sieve=0 prefixes=153907908 wide=9838
DONE M=13856993 shard=112/2000 nodes=227250532 sols=0 skip_q=0 skip_num=0 skip_sieve=0 prefixes=153907908 wide=10321
DONE M=13856993 shard=113/2000 nodes=183525193 sols=0 skip_q=0 skip_num=0 skip_sieve=0 prefixes=153907908 wide=10266
DONE M=13856993 shard=114/2000 nodes=182874716 sols=0 skip_q=0 skip_num=0 skip_sieve=0 prefixes=153907908 wide=10340
DONE M=13856993 shard=115/2000 nodes=145830403 sols=0 skip_q=0 skip_num=0 skip_sieve=0 prefixes=153907908 wide=9051
DONE M=13856993 shard=116/2000 nodes=187960805 sols=0 skip_q=0 skip_num=0 skip_sieve=0 prefixes=153907908 wide=9450
DONE M=13856993 shard=117/2000 nodes=185377077 sols=0 skip_q=0 skip_num=0 skip_sieve=0 prefixes=153907908 wide=10572
DONE M=13856993 shard=118/2000 nodes=192762040 sols=0 skip_q=0 skip_num=0 skip_sieve=0 prefixes=153907908 wide=10273
DONE M=13856993 shard=119/2000 nodes=252664566 sols=0 skip_q=0 skip_num=0 skip_sieve=0 prefixes=153907908 wide=10624
DONE M=13856993 shard=120/2000 nodes=248694146 sols=0 skip_q=0 skip_num=0 skip_sieve=0 prefixes=153907908 wide=10065
DONE M=13856993 shard=121/2000 nodes=156409382 sols=0 skip_q=0 skip_num=0 skip_sieve=0 prefixes=153907908 wide=9197
DONE M=13856993 shard=122/2000 nodes=178581601 sols=0 skip_q=0 skip_num=0 skip_sieve=0 prefixes=153907908 wide=10189
DONE M=13856993 shard=123/2000 nodes=182940080 sols=0 skip_q=0 skip_num=0 skip_sieve=0 prefixes=153907908 wide=10398
DONE M=13856993 shard=124/2000 nodes=391238383 sols=0 skip_q=0 skip_num=0 skip_sieve=0 prefixes=153907908 wide=10477
DONE M=13856993 shard=125/2000 nodes=161803531 sols=0 skip_q=0 skip_num=0 skip_sieve=0 prefixes=153907908 wide=10229
DONE M=13856993 shard=126/2000 nodes=154540378 sols=0 skip_q=0 skip_num=0 skip_sieve=0 prefixes=153907908 wide=9327
DONE M=13856993 shard=127/2000 nodes=181856570 sols=0 skip_q=0 skip_num=0 skip_sieve=0 prefixes=153907908 wide=10530
DONE M=13856993 shard=128/2000 nodes=263709025 sols=0 skip_q=0 skip_num=0 skip_sieve=0 prefixes=153907908 wide=10410
DONE M=13856993 shard=129/2000 nodes=238702614 sols=0 skip_q=0 skip_num=0 skip_sieve=0 prefixes=153907908 wide=10262
DONE M=13856993 shard=130/2000 nodes=149116596 sols=0 skip_q=0 skip_num=0 skip_sieve=0 prefixes=153907908 wide=9934
DONE M=13856993 shard=131/2000 nodes=161544287 sols=0 skip_q=0 skip_num=0 skip_sieve=0 prefixes=153907908 wide=8703
DONE M=13856993 shard=132/2000 nodes=204326365 sols=0 skip_q=0 skip_num=0 skip_sieve=0 prefixes=153907908 wide=10318
DONE M=13856993 shard=133/2000 nodes=237017031 sols=0 skip_q=0 skip_num=0 skip_sieve=0 prefixes=153907908 wide=10594
DONE M=13856993 shard=134/2000 nodes=177746592 sols=0 skip_q=0 skip_num=0 skip_sieve=0 prefixes=153907908 wide=10340
DONE M=13856993 shard=135/2000 nodes=162033881 sols=0 skip_q=0 skip_num=0 skip_sieve=0 prefixes=153907908 wide=10053
DONE M=13856993 shard=136/2000 nodes=246881483 sols=0 skip_q=0 skip_num=0 skip_sieve=0 prefixes=153907908 wide=9361
DONE M=13856993 shard=137/2000 nodes=165389079 sols=0 skip_q=0 skip_num=0 skip_sieve=0 prefixes=153907908 wide=10225
DONE M=13856993 shard=138/2000 nodes=210313788 sols=0 skip_q=0 skip_num=0 skip_sieve=0 prefixes=153907908 wide=10265
DONE M=13856993 shard=139/2000 nodes=246289011 sols=0 skip_q=0 skip_num=0 skip_sieve=0 prefixes=153907908 wide=10399
DONE M=13856993 shard=140/2000 nodes=191134653 sols=0 skip_q=0 skip_num=0 skip_sieve=0 prefixes=153907908 wide=10085
DONE M=13856993 shard=141/2000 nodes=169112703 sols=0 skip_q=0 skip_num=0 skip_sieve=0 prefixes=153907908 wide=9555
DONE M=13856993 shard=142/2000 nodes=160361069 sols=0 skip_q=0 skip_num=0 skip_sieve=0 prefixes=153907908 wide=10180
DONE M=13856993 shard=143/2000 nodes=194790889 sols=0 skip_q=0 skip_num=0 skip_sieve=0 prefixes=153907908 wide=10615
DONE M=13856993 shard=144/2000 nodes=373956388 sols=0 skip_q=0 skip_num=0 skip_sieve=0 prefixes=153907908 wide=10461
DONE M=13856993 shard=145/2000 nodes=154765481 sols=0 skip_q=0 skip_num=0 skip_sieve=0 prefixes=153907908 wide=10185
DONE M=13856993 shard=146/2000 nodes=162125429 sols=0 skip_q=0 skip_num=0 skip_sieve=0 prefixes=153907908 wide=9337
DONE M=13856993 shard=147/2000 nodes=162569858 sols=0 skip_q=0 skip_num=0 skip_sieve=0 prefixes=153907908 wide=9533
DONE M=13856993 shard=148/2000 nodes=240086197 sols=0 skip_q=0 skip_num=0 skip_sieve=0 prefixes=153907908 wide=10400
DONE M=13856993 shard=149/2000 nodes=312334383 sols=0 skip_q=0 skip_num=0 skip_sieve=0 prefixes=153907908 wide=10610
DONE M=13856993 shard=150/2000 nodes=136093039 sols=0 skip_q=0 skip_num=0 skip_sieve=0 prefixes=153907908 wide=9730
DONE M=13856993 shard=151/2000 nodes=177751153 sols=0 skip_q=0 skip_num=0 skip_sieve=0 prefixes=153907908 wide=9835
DONE M=13856993 shard=152/2000 nodes=269056481 sols=0 skip_q=0 skip_num=0 skip_sieve=0 prefixes=153907908 wide=10332
DONE M=13856993 shard=153/2000 nodes=185932435 sols=0 skip_q=0 skip_num=0 skip_sieve=0 prefixes=153907908 wide=10248
DONE M=13856993 shard=154/2000 nodes=193880727 sols=0 skip_q=0 skip_num=0 skip_sieve=0 prefixes=153907908 wide=10320
DONE M=13856993 shard=155/2000 nodes=150579356 sols=0 skip_q=0 skip_num=0 skip_sieve=0 prefixes=153907908 wide=9816
DONE M=13856993 shard=156/2000 nodes=184885557 sols=0 skip_q=0 skip_num=0 skip_sieve=0 prefixes=153907908 wide=9303
DONE M=13856993 shard=157/2000 nodes=185613852 sols=0 skip_q=0 skip_num=0 skip_sieve=0 prefixes=153907908 wide=10573
DONE M=13856993 shard=158/2000 nodes=216578365 sols=0 skip_q=0 skip_num=0 skip_sieve=0 prefixes=153907908 wide=10277
DONE M=13856993 shard=159/2000 nodes=253739832 sols=0 skip_q=0 skip_num=0 skip_sieve=0 prefixes=153907908 wide=10626
DONE M=13856993 shard=160/2000 nodes=212603898 sols=0 skip_q=0 skip_num=0 skip_sieve=0 prefixes=153907908 wide=10066
DONE M=13856993 shard=161/2000 nodes=167433481 sols=0 skip_q=0 skip_num=0 skip_sieve=0 prefixes=153907908 wide=9206
DONE M=13856993 shard=162/2000 nodes=164184744 sols=0 skip_q=0 skip_num=0 skip_sieve=0 prefixes=153907908 wide=10187
DONE M=13856993 shard=163/2000 nodes=160374835 sols=0 skip_q=0 skip_num=0 skip_sieve=0 prefixes=153907908 wide=9619
DONE M=13856993 shard=164/2000 nodes=314671779 sols=0 skip_q=0 skip_num=0 skip_sieve=0 prefixes=153907908 wide=10462
DONE M=13856993 shard=165/2000 nodes=159417458 sols=0 skip_q=0 skip_num=0 skip_sieve=0 prefixes=153907908 wide=10228
DONE M=13856993 shard=166/2000 nodes=152836838 sols=0 skip_q=0 skip_num=0 skip_sieve=0 prefixes=153907908 wide=9322
DONE M=13856993 shard=167/2000 nodes=179183282 sols=0 skip_q=0 skip_num=0 skip_sieve=0 prefixes=153907908 wide=10536
DONE M=13856993 shard=168/2000 nodes=297791152 sols=0 skip_q=0 skip_num=0 skip_sieve=0 prefixes=153907908 wide=10405
DONE M=13856993 shard=169/2000 nodes=238710274 sols=0 skip_q=0 skip_num=0 skip_sieve=0 prefixes=153907908 wide=10246
DONE M=13856993 shard=170/2000 nodes=161652452 sols=0 skip_q=0 skip_num=0 skip_sieve=0 prefixes=153907908 wide=9936
DONE M=13856993 shard=171/2000 nodes=171234186 sols=0 skip_q=0 skip_num=0 skip_sieve=0 prefixes=153907908 wide=9619
DONE M=13856993 shard=172/2000 nodes=203893023 sols=0 skip_q=0 skip_num=0 skip_sieve=0 prefixes=153907908 wide=10329
DONE M=13856993 shard=173/2000 nodes=203770522 sols=0 skip_q=0 skip_num=0 skip_sieve=0 prefixes=153907908 wide=10613
DONE M=13856993 shard=174/2000 nodes=194291538 sols=0 skip_q=0 skip_num=0 skip_sieve=0 prefixes=153907908 wide=10332
DONE M=13856993 shard=175/2000 nodes=157769559 sols=0 skip_q=0 skip_num=0 skip_sieve=0 prefixes=153907908 wide=10040
DONE M=13856993 shard=176/2000 nodes=211972611 sols=0 skip_q=0 skip_num=0 skip_sieve=0 prefixes=153907908 wide=9456
DONE M=13856993 shard=177/2000 nodes=169386026 sols=0 skip_q=0 skip_num=0 skip_sieve=0 prefixes=153907908 wide=10222
DONE M=13856993 shard=178/2000 nodes=199461763 sols=0 skip_q=0 skip_num=0 skip_sieve=0 prefixes=153907908 wide=10261
DONE M=13856993 shard=179/2000 nodes=237732662 sols=0 skip_q=0 skip_num=0 skip_sieve=0 prefixes=153907908 wide=9623
DONE M=13856993 shard=180/2000 nodes=187931558 sols=0 skip_q=0 skip_num=0 skip_sieve=0 prefixes=153907908 wide=10059
DONE M=13856993 shard=181/2000 nodes=172541010 sols=0 skip_q=0 skip_num=0 skip_sieve=0 prefixes=153907908 wide=9404
DONE M=13856993 shard=182/2000 nodes=156816015 sols=0 skip_q=0 skip_num=0 skip_sieve=0 prefixes=153907908 wide=10193
DONE M=13856993 shard=183/2000 nodes=209737243 sols=0 skip_q=0 skip_num=0 skip_sieve=0 prefixes=153907908 wide=10617
DONE M=13856993 shard=184/2000 nodes=454485573 sols=0 skip_q=0 skip_num=0 skip_sieve=0 prefixes=153907908 wide=10468
DONE M=13856993 shard=185/2000 nodes=155819148 sols=0 skip_q=0 skip_num=0 skip_sieve=0 prefixes=153907908 wide=10171
DONE M=13856993 shard=186/2000 nodes=193274931 sols=0 skip_q=0 skip_num=0 skip_sieve=0 prefixes=153907908 wide=9218
DONE M=13856993 shard=187/2000 nodes=171362513 sols=0 skip_q=0 skip_num=0 skip_sieve=0 prefixes=153907908 wide=10306
DONE M=13856993 shard=188/2000 nodes=237031269 sols=0 skip_q=0 skip_num=0 skip_sieve=0 prefixes=153907908 wide=10413
DONE M=13856993 shard=189/2000 nodes=258472135 sols=0 skip_q=0 skip_num=0 skip_sieve=0 prefixes=153907908 wide=10595
DONE M=13856993 shard=190/2000 nodes=146494965 sols=0 skip_q=0 skip_num=0 skip_sieve=0 prefixes=153907908 wide=9935
DONE M=13856993 shard=191/2000 nodes=177769306 sols=0 skip_q=0 skip_num=0 skip_sieve=0 prefixes=153907908 wide=9854
DONE M=13856993 shard=192/2000 nodes=229954038 sols=0 skip_q=0 skip_num=0 skip_sieve=0 prefixes=153907908 wide=10327
DONE M=13856993 shard=193/2000 nodes=184866418 sols=0 skip_q=0 skip_num=0 skip_sieve=0 prefixes=153907908 wide=10256
DONE M=13856993 shard=194/2000 nodes=184722683 sols=0 skip_q=0 skip_num=0 skip_sieve=0 prefixes=153907908 wide=10323
DONE M=13856993 shard=195/2000 nodes=143160423 sols=0 skip_q=0 skip_num=0 skip_sieve=0 prefixes=153907908 wide=9054
DONE M=13856993 shard=196/2000 nodes=186814728 sols=0 skip_q=0 skip_num=0 skip_sieve=0 prefixes=153907908 wide=9447
DONE M=13856993 shard=197/2000 nodes=182674403 sols=0 skip_q=0 skip_num=0 skip_sieve=0 prefixes=153907908 wide=10579
DONE M=13856993 shard=198/2000 nodes=194003499 sols=0 skip_q=0 skip_num=0 skip_sieve=0 prefixes=153907908 wide=10278
DONE M=13856993 shard=199/2000 nodes=309200007 sols=0 skip_q=0 skip_num=0 skip_sieve=0 prefixes=153907908 wide=10624
DONE M=13856993 shard=200/2000 nodes=240291648 sols=0 skip_q=0 skip_num=0 skip_sieve=0 prefixes=153907908 wide=9865
DONE M=13856993 shard=201/2000 nodes=157917216 sols=0 skip_q=0 skip_num=0 skip_sieve=0 prefixes=153907908 wide=9216
DONE M=13856993 shard=202/2000 nodes=179102074 sols=0 skip_q=0 skip_num=0 skip_sieve=0 prefixes=153907908 wide=10196
DONE M=13856993 shard=203/2000 nodes=181201539 sols=0 skip_q=0 skip_num=0 skip_sieve=0 prefixes=153907908 wide=10408
DONE M=13856993 shard=204/2000 nodes=314889248 sols=0 skip_q=0 skip_num=0 skip_sieve=0 prefixes=153907908 wide=10480
DONE M=13856993 shard=205/2000 nodes=161931668 sols=0 skip_q=0 skip_num=0 skip_sieve=0 prefixes=153907908 wide=10224
DONE M=13856993 shard=206/2000 nodes=151511234 sols=0 skip_q=0 skip_num=0 skip_sieve=0 prefixes=153907908 wide=9169
DONE M=13856993 shard=207/2000 nodes=179147052 sols=0 skip_q=0 skip_num=0 skip_sieve=0 prefixes=153907908 wide=10540
DONE M=13856993 shard=208/2000 nodes=288835459 sols=0 skip_q=0 skip_num=0 skip_sieve=0 prefixes=153907908 wide=10408
DONE M=13856993 shard=209/2000 nodes=238348149 sols=0 skip_q=0 skip_num=0 skip_sieve=0 prefixes=153907908 wide=10253
DONE M=13856993 shard=210/2000 nodes=149662134 sols=0 skip_q=0 skip_num=0 skip_sieve=0 prefixes=153907908 wide=9937
DONE M=13856993 shard=211/2000 nodes=173057899 sols=0 skip_q=0 skip_num=0 skip_sieve=0 prefixes=153907908 wide=8856
DONE M=13856993 shard=212/2000 nodes=204054405 sols=0 skip_q=0 skip_num=0 skip_sieve=0 prefixes=153907908 wide=10332
DONE M=13856993 shard=213/2000 nodes=203993909 sols=0 skip_q=0 skip_num=0 skip_sieve=0 prefixes=153907908 wide=10609
DONE M=13856993 shard=214/2000 nodes=175955655 sols=0 skip_q=0 skip_num=0 skip_sieve=0 prefixes=153907908 wide=10339
DONE M=13856993 shard=215/2000 nodes=166020846 sols=0 skip_q=0 skip_num=0 skip_sieve=0 prefixes=153907908 wide=10048
DONE M=13856993 shard=216/2000 nodes=248653981 sols=0 skip_q=0 skip_num=0 skip_sieve=0 prefixes=153907908 wide=9461
DONE M=13856993 shard=217/2000 nodes=170436367 sols=0 skip_q=0 skip_num=0 skip_sieve=0 prefixes=153907908 wide=10221
DONE M=13856993 shard=218/2000 nodes=211806508 sols=0 skip_q=0 skip_num=0 skip_sieve=0 prefixes=153907908 wide=10267
DONE M=13856993 shard=219/2000 nodes=244949781 sols=0 skip_q=0 skip_num=0 skip_sieve=0 prefixes=153907908 wide=10397
DONE M=13856993 shard=220/2000 nodes=187546349 sols=0 skip_q=0 skip_num=0 skip_sieve=0 prefixes=153907908 wide=10068
DONE M=13856993 shard=221/2000 nodes=170478526 sols=0 skip_q=0 skip_num=0 skip_sieve=0 prefixes=153907908 wide=9546
DONE M=13856993 shard=222/2000 nodes=157929590 sols=0 skip_q=0 skip_num=0 skip_sieve=0 prefixes=153907908 wide=10191
DONE M=13856993 shard=223/2000 nodes=195727793 sols=0 skip_q=0 skip_num=0 skip_sieve=0 prefixes=153907908 wide=10636
DONE M=13856993 shard=224/2000 nodes=527291143 sols=0 skip_q=0 skip_num=0 skip_sieve=0 prefixes=153907908 wide=10470
DONE M=13856993 shard=225/2000 nodes=154590558 sols=0 skip_q=0 skip_num=0 skip_sieve=0 prefixes=153907908 wide=10168
DONE M=13856993 shard=226/2000 nodes=161989432 sols=0 skip_q=0 skip_num=0 skip_sieve=0 prefixes=153907908 wide=9331
DONE M=13856993 shard=227/2000 nodes=167326699 sols=0 skip_q=0 skip_num=0 skip_sieve=0 prefixes=153907908 wide=9540
DONE M=13856993 shard=228/2000 nodes=236842002 sols=0 skip_q=0 skip_num=0 skip_sieve=0 prefixes=153907908 wide=10407
DONE M=13856993 shard=229/2000 nodes=256351500 sols=0 skip_q=0 skip_num=0 skip_sieve=0 prefixes=153907908 wide=10611
DONE M=13856993 shard=230/2000 nodes=141843037 sols=0 skip_q=0 skip_num=0 skip_sieve=0 prefixes=153907908 wide=9933
DONE M=13856993 shard=231/2000 nodes=177537883 sols=0 skip_q=0 skip_num=0 skip_sieve=0 prefixes=153907908 wide=9677
DONE M=13856993 shard=232/2000 nodes=265864910 sols=0 skip_q=0 skip_num=0 skip_sieve=0 prefixes=153907908 wide=10320
DONE M=13856993 shard=233/2000 nodes=205346860 sols=0 skip_q=0 skip_num=0 skip_sieve=0 prefixes=153907908 wide=10251
DONE M=13856993 shard=234/2000 nodes=194653527 sols=0 skip_q=0 skip_num=0 skip_sieve=0 prefixes=153907908 wide=10334
DONE M=13856993 shard=235/2000 nodes=152644677 sols=0 skip_q=0 skip_num=0 skip_sieve=0 prefixes=153907908 wide=9823
DONE M=13856993 shard=236/2000 nodes=188535057 sols=0 skip_q=0 skip_num=0 skip_sieve=0 prefixes=153907908 wide=9353
DONE M=13856993 shard=237/2000 nodes=184266609 sols=0 skip_q=0 skip_num=0 skip_sieve=0 prefixes=153907908 wide=10574
DONE M=13856993 shard=238/2000 nodes=191134303 sols=0 skip_q=0 skip_num=0 skip_sieve=0 prefixes=153907908 wide=10273
DONE M=13856993 shard=239/2000 nodes=253769425 sols=0 skip_q=0 skip_num=0 skip_sieve=0 prefixes=153907908 wide=10618
DONE M=13856993 shard=240/2000 nodes=215740771 sols=0 skip_q=0 skip_num=0 skip_sieve=0 prefixes=153907908 wide=10070
DONE M=13856993 shard=241/2000 nodes=156858418 sols=0 skip_q=0 skip_num=0 skip_sieve=0 prefixes=153907908 wide=9203
DONE M=13856993 shard=242/2000 nodes=168741979 sols=0 skip_q=0 skip_num=0 skip_sieve=0 prefixes=153907908 wide=10190
DONE M=13856993 shard=243/2000 nodes=160220864 sols=0 skip_q=0 skip_num=0 skip_sieve=0 prefixes=153907908 wide=9636
DONE M=13856993 shard=244/2000 nodes=315389252 sols=0 skip_q=0 skip_num=0 skip_sieve=0 prefixes=153907908 wide=10467
DONE M=13856993 shard=245/2000 nodes=158048328 sols=0 skip_q=0 skip_num=0 skip_sieve=0 prefixes=153907908 wide=10231
DONE M=13856993 shard=246/2000 nodes=154536740 sols=0 skip_q=0 skip_num=0 skip_sieve=0 prefixes=153907908 wide=9331
DONE M=13856993 shard=247/2000 nodes=176698080 sols=0 skip_q=0 skip_num=0 skip_sieve=0 prefixes=153907908 wide=10535
DONE M=13856993 shard=248/2000 nodes=298327142 sols=0 skip_q=0 skip_num=0 skip_sieve=0 prefixes=153907908 wide=10406
DONE M=13856993 shard=249/2000 nodes=294385787 sols=0 skip_q=0 skip_num=0 skip_sieve=0 prefixes=153907908 wide=10254
DONE M=13856993 shard=250/2000 nodes=154583111 sols=0 skip_q=0 skip_num=0 skip_sieve=0 prefixes=153907908 wide=9734
DONE M=13856993 shard=251/2000 nodes=170771611 sols=0 skip_q=0 skip_num=0 skip_sieve=0 prefixes=153907908 wide=9614
DONE M=13856993 shard=252/2000 nodes=205851127 sols=0 skip_q=0 skip_num=0 skip_sieve=0 prefixes=153907908 wide=10314
DONE M=13856993 shard=253/2000 nodes=204796126 sols=0 skip_q=0 skip_num=0 skip_sieve=0 prefixes=153907908 wide=10607
DONE M=13856993 shard=254/2000 nodes=177482837 sols=0 skip_q=0 skip_num=0 skip_sieve=0 prefixes=153907908 wide=10319
DONE M=13856993 shard=255/2000 nodes=159651253 sols=0 skip_q=0 skip_num=0 skip_sieve=0 prefixes=153907908 wide=10053
DONE M=13856993 shard=256/2000 nodes=211285276 sols=0 skip_q=0 skip_num=0 skip_sieve=0 prefixes=153907908 wide=9297
DONE M=13856993 shard=257/2000 nodes=169376892 sols=0 skip_q=0 skip_num=0 skip_sieve=0 prefixes=153907908 wide=10235
DONE M=13856993 shard=258/2000 nodes=237310607 sols=0 skip_q=0 skip_num=0 skip_sieve=0 prefixes=153907908 wide=10281
DONE M=13856993 shard=259/2000 nodes=239455749 sols=0 skip_q=0 skip_num=0 skip_sieve=0 prefixes=153907908 wide=9626
DONE M=13856993 shard=260/2000 nodes=187742971 sols=0 skip_q=0 skip_num=0 skip_sieve=0 prefixes=153907908 wide=10064
DONE M=13856993 shard=261/2000 nodes=183052579 sols=0 skip_q=0 skip_num=0 skip_sieve=0 prefixes=153907908 wide=9562
DONE M=13856993 shard=262/2000 nodes=156165817 sols=0 skip_q=0 skip_num=0 skip_sieve=0 prefixes=153907908 wide=10196
DONE M=13856993 shard=263/2000 nodes=194835276 sols=0 skip_q=0 skip_num=0 skip_sieve=0 prefixes=153907908 wide=10617
DONE M=13856993 shard=264/2000 nodes=454704328 sols=0 skip_q=0 skip_num=0 skip_sieve=0 prefixes=153907908 wide=10456
DONE M=13856993 shard=265/2000 nodes=155776630 sols=0 skip_q=0 skip_num=0 skip_sieve=0 prefixes=153907908 wide=10187
DONE M=13856993 shard=266/2000 nodes=180229838 sols=0 skip_q=0 skip_num=0 skip_sieve=0 prefixes=153907908 wide=9327
DONE M=13856993 shard=267/2000 nodes=171718926 sols=0 skip_q=0 skip_num=0 skip_sieve=0 prefixes=153907908 wide=10317
DONE M=13856993 shard=268/2000 nodes=238662749 sols=0 skip_q=0 skip_num=0 skip_sieve=0 prefixes=153907908 wide=10398
DONE M=13856993 shard=269/2000 nodes=257004189 sols=0 skip_q=0 skip_num=0 skip_sieve=0 prefixes=153907908 wide=10616
DONE M=13856993 shard=270/2000 nodes=145034507 sols=0 skip_q=0 skip_num=0 skip_sieve=0 prefixes=153907908 wide=9935
DONE M=13856993 shard=271/2000 nodes=178674695 sols=0 skip_q=0 skip_num=0 skip_sieve=0 prefixes=153907908 wide=9853
DONE M=13856993 shard=272/2000 nodes=228360748 sols=0 skip_q=0 skip_num=0 skip_sieve=0 prefixes=153907908 wide=10323
DONE M=13856993 shard=273/2000 nodes=184876218 sols=0 skip_q=0 skip_num=0 skip_sieve=0 prefixes=153907908 wide=10251
DONE M=13856993 shard=274/2000 nodes=199891402 sols=0 skip_q=0 skip_num=0 skip_sieve=0 prefixes=153907908 wide=10334
DONE M=13856993 shard=275/2000 nodes=141659598 sols=0 skip_q=0 skip_num=0 skip_sieve=0 prefixes=153907908 wide=9058
DONE M=13856993 shard=276/2000 nodes=187961497 sols=0 skip_q=0 skip_num=0 skip_sieve=0 prefixes=153907908 wide=9466
DONE M=13856993 shard=277/2000 nodes=188028670 sols=0 skip_q=0 skip_num=0 skip_sieve=0 prefixes=153907908 wide=10572
DONE M=13856993 shard=278/2000 nodes=190602127 sols=0 skip_q=0 skip_num=0 skip_sieve=0 prefixes=153907908 wide=10261
DONE M=13856993 shard=279/2000 nodes=250856635 sols=0 skip_q=0 skip_num=0 skip_sieve=0 prefixes=153907908 wide=10621
DONE M=13856993 shard=280/2000 nodes=247405048 sols=0 skip_q=0 skip_num=0 skip_sieve=0 prefixes=153907908 wide=10066
DONE M=13856993 shard=281/2000 nodes=156051180 sols=0 skip_q=0 skip_num=0 skip_sieve=0 prefixes=153907908 wide=9040
DONE M=13856993 shard=282/2000 nodes=177747065 sols=0 skip_q=0 skip_num=0 skip_sieve=0 prefixes=153907908 wide=10185
DONE M=13856993 shard=283/2000 nodes=192650910 sols=0 skip_q=0 skip_num=0 skip_sieve=0 prefixes=153907908 wide=10405
DONE M=13856993 shard=284/2000 nodes=315797696 sols=0 skip_q=0 skip_num=0 skip_sieve=0 prefixes=153907908 wide=10462
DONE M=13856993 shard=285/2000 nodes=162750945 sols=0 skip_q=0 skip_num=0 skip_sieve=0 prefixes=153907908 wide=10232
DONE M=13856993 shard=286/2000 nodes=164772656 sols=0 skip_q=0 skip_num=0 skip_sieve=0 prefixes=153907908 wide=9225
DONE M=13856993 shard=287/2000 nodes=175589135 sols=0 skip_q=0 skip_num=0 skip_sieve=0 prefixes=153907908 wide=10532
DONE M=13856993 shard=288/2000 nodes=263689191 sols=0 skip_q=0 skip_num=0 skip_sieve=0 prefixes=153907908 wide=10412
DONE M=13856993 shard=289/2000 nodes=240697063 sols=0 skip_q=0 skip_num=0 skip_sieve=0 prefixes=153907908 wide=10258
DONE M=13856993 shard=290/2000 nodes=151015401 sols=0 skip_q=0 skip_num=0 skip_sieve=0 prefixes=153907908 wide=9937
DONE M=13856993 shard=291/2000 nodes=163746416 sols=0 skip_q=0 skip_num=0 skip_sieve=0 prefixes=153907908 wide=8856
DONE M=13856993 shard=292/2000 nodes=203278388 sols=0 skip_q=0 skip_num=0 skip_sieve=0 prefixes=153907908 wide=10331
DONE M=13856993 shard=293/2000 nodes=204317139 sols=0 skip_q=0 skip_num=0 skip_sieve=0 prefixes=153907908 wide=10614
DONE M=13856993 shard=294/2000 nodes=176219996 sols=0 skip_q=0 skip_num=0 skip_sieve=0 prefixes=153907908 wide=10329
DONE M=13856993 shard=295/2000 nodes=162662504 sols=0 skip_q=0 skip_num=0 skip_sieve=0 prefixes=153907908 wide=10045
DONE M=13856993 shard=296/2000 nodes=247472075 sols=0 skip_q=0 skip_num=0 skip_sieve=0 prefixes=153907908 wide=9455
DONE M=13856993 shard=297/2000 nodes=165902916 sols=0 skip_q=0 skip_num=0 skip_sieve=0 prefixes=153907908 wide=10223
DONE M=13856993 shard=298/2000 nodes=211133045 sols=0 skip_q=0 skip_num=0 skip_sieve=0 prefixes=153907908 wide=10276
DONE M=13856993 shard=299/2000 nodes=299748868 sols=0 skip_q=0 skip_num=0 skip_sieve=0 prefixes=153907908 wide=10400
DONE M=13856993 shard=300/2000 nodes=182499451 sols=0 skip_q=0 skip_num=0 skip_sieve=0 prefixes=153907908 wide=9866
DONE M=13856993 shard=301/2000 nodes=168869877 sols=0 skip_q=0 skip_num=0 skip_sieve=0 prefixes=153907908 wide=9549
DONE M=13856993 shard=302/2000 nodes=159834740 sols=0 skip_q=0 skip_num=0 skip_sieve=0 prefixes=153907908 wide=10180
DONE M=13856993 shard=303/2000 nodes=194296973 sols=0 skip_q=0 skip_num=0 skip_sieve=0 prefixes=153907908 wide=10625
DONE M=13856993 shard=304/2000 nodes=373494749 sols=0 skip_q=0 skip_num=0 skip_sieve=0 prefixes=153907908 wide=10469
DONE M=13856993 shard=305/2000 nodes=154679841 sols=0 skip_q=0 skip_num=0 skip_sieve=0 prefixes=153907908 wide=10170
DONE M=13856993 shard=306/2000 nodes=158231966 sols=0 skip_q=0 skip_num=0 skip_sieve=0 prefixes=153907908 wide=9162
DONE M=13856993 shard=307/2000 nodes=165173317 sols=0 skip_q=0 skip_num=0 skip_sieve=0 prefixes=153907908 wide=9549
DONE M=13856993 shard=308/2000 nodes=259684980 sols=0 skip_q=0 skip_num=0 skip_sieve=0 prefixes=153907908 wide=10409
DONE M=13856993 shard=309/2000 nodes=258754758 sols=0 skip_q=0 skip_num=0 skip_sieve=0 prefixes=153907908 wide=10611
DONE M=13856993 shard=310/2000 nodes=141119794 sols=0 skip_q=0 skip_num=0 skip_sieve=0 prefixes=153907908 wide=9935
DONE M=13856993 shard=311/2000 nodes=189497783 sols=0 skip_q=0 skip_num=0 skip_sieve=0 prefixes=153907908 wide=9855
DONE M=13856993 shard=312/2000 nodes=264164690 sols=0 skip_q=0 skip_num=0 skip_sieve=0 prefixes=153907908 wide=10321
DONE M=13856993 shard=313/2000 nodes=185226998 sols=0 skip_q=0 skip_num=0 skip_sieve=0 prefixes=153907908 wide=10251
DONE M=13856993 shard=314/2000 nodes=195082093 sols=0 skip_q=0 skip_num=0 skip_sieve=0 prefixes=153907908 wide=10337
DONE M=13856993 shard=315/2000 nodes=154418641 sols=0 skip_q=0 skip_num=0 skip_sieve=0 prefixes=153907908 wide=9815
DONE M=13856993 shard=316/2000 nodes=187675549 sols=0 skip_q=0 skip_num=0 skip_sieve=0 prefixes=153907908 wide=9458
DONE M=13856993 shard=317/2000 nodes=185521191 sols=0 skip_q=0 skip_num=0 skip_sieve=0 prefixes=153907908 wide=10564
DONE M=13856993 shard=318/2000 nodes=193035740 sols=0 skip_q=0 skip_num=0 skip_sieve=0 prefixes=153907908 wide=10274
DONE M=13856993 shard=319/2000 nodes=251537738 sols=0 skip_q=0 skip_num=0 skip_sieve=0 prefixes=153907908 wide=10629
DONE M=13856993 shard=320/2000 nodes=212631490 sols=0 skip_q=0 skip_num=0 skip_sieve=0 prefixes=153907908 wide=10069
DONE M=13856993 shard=321/2000 nodes=156963757 sols=0 skip_q=0 skip_num=0 skip_sieve=0 prefixes=153907908 wide=9204
DONE M=13856993 shard=322/2000 nodes=165225378 sols=0 skip_q=0 skip_num=0 skip_sieve=0 prefixes=153907908 wide=10192
DONE M=13856993 shard=323/2000 nodes=160355468 sols=0 skip_q=0 skip_num=0 skip_sieve=0 prefixes=153907908 wide=9636
DONE M=13856993 shard=324/2000 nodes=391481337 sols=0 skip_q=0 skip_num=0 skip_sieve=0 prefixes=153907908 wide=10471
DONE M=13856993 shard=325/2000 nodes=157686709 sols=0 skip_q=0 skip_num=0 skip_sieve=0 prefixes=153907908 wide=10236
DONE M=13856993 shard=326/2000 nodes=152124351 sols=0 skip_q=0 skip_num=0 skip_sieve=0 prefixes=153907908 wide=9315
DONE M=13856993 shard=327/2000 nodes=184466268 sols=0 skip_q=0 skip_num=0 skip_sieve=0 prefixes=153907908 wide=10532
DONE M=13856993 shard=328/2000 nodes=295843564 sols=0 skip_q=0 skip_num=0 skip_sieve=0 prefixes=153907908 wide=10401
DONE M=13856993 shard=329/2000 nodes=238981035 sols=0 skip_q=0 skip_num=0 skip_sieve=0 prefixes=153907908 wide=10257
DONE M=13856993 shard=330/2000 nodes=160896045 sols=0 skip_q=0 skip_num=0 skip_sieve=0 prefixes=153907908 wide=9937
DONE M=13856993 shard=331/2000 nodes=170455627 sols=0 skip_q=0 skip_num=0 skip_sieve=0 prefixes=153907908 wide=9466
DONE M=13856993 shard=332/2000 nodes=204257400 sols=0 skip_q=0 skip_num=0 skip_sieve=0 prefixes=153907908 wide=10308
DONE M=13856993 shard=333/2000 nodes=223478545 sols=0 skip_q=0 skip_num=0 skip_sieve=0 prefixes=153907908 wide=10604
DONE M=13856993 shard=334/2000 nodes=176902312 sols=0 skip_q=0 skip_num=0 skip_sieve=0 prefixes=153907908 wide=10338
DONE M=13856993 shard=335/2000 nodes=159906505 sols=0 skip_q=0 skip_num=0 skip_sieve=0 prefixes=153907908 wide=10044
DONE M=13856993 shard=336/2000 nodes=213549109 sols=0 skip_q=0 skip_num=0 skip_sieve=0 prefixes=153907908 wide=9357
DONE M=13856993 shard=337/2000 nodes=165596902 sols=0 skip_q=0 skip_num=0 skip_sieve=0 prefixes=153907908 wide=10223
DONE M=13856993 shard=338/2000 nodes=198811596 sols=0 skip_q=0 skip_num=0 skip_sieve=0 prefixes=153907908 wide=10262
DONE M=13856993 shard=339/2000 nodes=238521964 sols=0 skip_q=0 skip_num=0 skip_sieve=0 prefixes=153907908 wide=9628
DONE M=13856993 shard=340/2000 nodes=188812266 sols=0 skip_q=0 skip_num=0 skip_sieve=0 prefixes=153907908 wide=10066
DONE M=13856993 shard=341/2000 nodes=173241733 sols=0 skip_q=0 skip_num=0 skip_sieve=0 prefixes=153907908 wide=9555
DONE M=13856993 shard=342/2000 nodes=159497402 sols=0 skip_q=0 skip_num=0 skip_sieve=0 prefixes=153907908 wide=10186
DONE M=13856993 shard=343/2000 nodes=194671779 sols=0 skip_q=0 skip_num=0 skip_sieve=0 prefixes=153907908 wide=10627
DONE M=13856993 shard=344/2000 nodes=454557456 sols=0 skip_q=0 skip_num=0 skip_sieve=0 prefixes=153907908 wide=10466
DONE M=13856993 shard=345/2000 nodes=155408290 sols=0 skip_q=0 skip_num=0 skip_sieve=0 prefixes=153907908 wide=10176
DONE M=13856993 shard=346/2000 nodes=176175963 sols=0 skip_q=0 skip_num=0 skip_sieve=0 prefixes=153907908 wide=9319
DONE M=13856993 shard=347/2000 nodes=169831892 sols=0 skip_q=0 skip_num=0 skip_sieve=0 prefixes=153907908 wide=10293
DONE M=13856993 shard=348/2000 nodes=239876982 sols=0 skip_q=0 skip_num=0 skip_sieve=0 prefixes=153907908 wide=10400
DONE M=13856993 shard=349/2000 nodes=350705336 sols=0 skip_q=0 skip_num=0 skip_sieve=0 prefixes=153907908 wide=10605
DONE M=13856993 shard=350/2000 nodes=137666618 sols=0 skip_q=0 skip_num=0 skip_sieve=0 prefixes=153907908 wide=9742
DONE M=13856993 shard=351/2000 nodes=178183780 sols=0 skip_q=0 skip_num=0 skip_sieve=0 prefixes=153907908 wide=9837
DONE M=13856993 shard=352/2000 nodes=236800486 sols=0 skip_q=0 skip_num=0 skip_sieve=0 prefixes=153907908 wide=10323
DONE M=13856993 shard=353/2000 nodes=185508757 sols=0 skip_q=0 skip_num=0 skip_sieve=0 prefixes=153907908 wide=10265
DONE M=13856993 shard=354/2000 nodes=184462518 sols=0 skip_q=0 skip_num=0 skip_sieve=0 prefixes=153907908 wide=10331
DONE M=13856993 shard=355/2000 nodes=142972566 sols=0 skip_q=0 skip_num=0 skip_sieve=0 prefixes=153907908 wide=9060
DONE M=13856993 shard=356/2000 nodes=185746415 sols=0 skip_q=0 skip_num=0 skip_sieve=0 prefixes=153907908 wide=9295
DONE M=13856993 shard=357/2000 nodes=186906923 sols=0 skip_q=0 skip_num=0 skip_sieve=0 prefixes=153907908 wide=10568
DONE M=13856993 shard=358/2000 nodes=214374513 sols=0 skip_q=0 skip_num=0 skip_sieve=0 prefixes=153907908 wide=10275
DONE M=13856993 shard=359/2000 nodes=254450352 sols=0 skip_q=0 skip_num=0 skip_sieve=0 prefixes=153907908 wide=10617
DONE M=13856993 shard=360/2000 nodes=246591777 sols=0 skip_q=0 skip_num=0 skip_sieve=0 prefixes=153907908 wide=10079
DONE M=13856993 shard=361/2000 nodes=173402523 sols=0 skip_q=0 skip_num=0 skip_sieve=0 prefixes=153907908 wide=9214
DONE M=13856993 shard=362/2000 nodes=176500051 sols=0 skip_q=0 skip_num=0 skip_sieve=0 prefixes=153907908 wide=10202
DONE M=13856993 shard=363/2000 nodes=181641986 sols=0 skip_q=0 skip_num=0 skip_sieve=0 prefixes=153907908 wide=10396
DONE M=13856993 shard=364/2000 nodes=314310866 sols=0 skip_q=0 skip_num=0 skip_sieve=0 prefixes=153907908 wide=10462
DONE M=13856993 shard=365/2000 nodes=162979362 sols=0 skip_q=0 skip_num=0 skip_sieve=0 prefixes=153907908 wide=10227
DONE M=13856993 shard=366/2000 nodes=153287517 sols=0 skip_q=0 skip_num=0 skip_sieve=0 prefixes=153907908 wide=9317
DONE M=13856993 shard=367/2000 nodes=177954353 sols=0 skip_q=0 skip_num=0 skip_sieve=0 prefixes=153907908 wide=10538
DONE M=13856993 shard=368/2000 nodes=266496573 sols=0 skip_q=0 skip_num=0 skip_sieve=0 prefixes=153907908 wide=10398
DONE M=13856993 shard=369/2000 nodes=238498553 sols=0 skip_q=0 skip_num=0 skip_sieve=0 prefixes=153907908 wide=10242
DONE M=13856993 shard=370/2000 nodes=150470390 sols=0 skip_q=0 skip_num=0 skip_sieve=0 prefixes=153907908 wide=9938
DONE M=13856993 shard=371/2000 nodes=162286831 sols=0 skip_q=0 skip_num=0 skip_sieve=0 prefixes=153907908 wide=8855
DONE M=13856993 shard=372/2000 nodes=203839845 sols=0 skip_q=0 skip_num=0 skip_sieve=0 prefixes=153907908 wide=10329
DONE M=13856993 shard=373/2000 nodes=203195139 sols=0 skip_q=0 skip_num=0 skip_sieve=0 prefixes=153907908 wide=10603
DONE M=13856993 shard=374/2000 nodes=192821974 sols=0 skip_q=0 skip_num=0 skip_sieve=0 prefixes=153907908 wide=10335
DONE M=13856993 shard=375/2000 nodes=162025423 sols=0 skip_q=0 skip_num=0 skip_sieve=0 prefixes=153907908 wide=10060
DONE M=13856993 shard=376/2000 nodes=246670251 sols=0 skip_q=0 skip_num=0 skip_sieve=0 prefixes=153907908 wide=9450
DONE M=13856993 shard=377/2000 nodes=170514835 sols=0 skip_q=0 skip_num=0 skip_sieve=0 prefixes=153907908 wide=10223
DONE M=13856993 shard=378/2000 nodes=209320255 sols=0 skip_q=0 skip_num=0 skip_sieve=0 prefixes=153907908 wide=10266
DONE M=13856993 shard=379/2000 nodes=247009284 sols=0 skip_q=0 skip_num=0 skip_sieve=0 prefixes=153907908 wide=10390
DONE M=13856993 shard=380/2000 nodes=187500936 sols=0 skip_q=0 skip_num=0 skip_sieve=0 prefixes=153907908 wide=10056
DONE M=13856993 shard=381/2000 nodes=169026499 sols=0 skip_q=0 skip_num=0 skip_sieve=0 prefixes=153907908 wide=9406
DONE M=13856993 shard=382/2000 nodes=158202467 sols=0 skip_q=0 skip_num=0 skip_sieve=0 prefixes=153907908 wide=10185
DONE M=13856993 shard=383/2000 nodes=219498177 sols=0 skip_q=0 skip_num=0 skip_sieve=0 prefixes=153907908 wide=10618
DONE M=13856993 shard=384/2000 nodes=375791837 sols=0 skip_q=0 skip_num=0 skip_sieve=0 prefixes=153907908 wide=10466
DONE M=13856993 shard=385/2000 nodes=156611668 sols=0 skip_q=0 skip_num=0 skip_sieve=0 prefixes=153907908 wide=10179
DONE M=13856993 shard=386/2000 nodes=175762049 sols=0 skip_q=0 skip_num=0 skip_sieve=0 prefixes=153907908 wide=9228
DONE M=13856993 shard=387/2000 nodes=162043198 sols=0 skip_q=0 skip_num=0 skip_sieve=0 prefixes=153907908 wide=9535
DONE M=13856993 shard=388/2000 nodes=235438376 sols=0 skip_q=0 skip_num=0 skip_sieve=0 prefixes=153907908 wide=10405
DONE M=13856993 shard=389/2000 nodes=257803390 sols=0 skip_q=0 skip_num=0 skip_sieve=0 prefixes=153907908 wide=10605
DONE M=13856993 shard=390/2000 nodes=146205933 sols=0 skip_q=0 skip_num=0 skip_sieve=0 prefixes=153907908 wide=9932
DONE M=13856993 shard=391/2000 nodes=178786249 sols=0 skip_q=0 skip_num=0 skip_sieve=0 prefixes=153907908 wide=9852
DONE M=13856993 shard=392/2000 nodes=265030051 sols=0 skip_q=0 skip_num=0 skip_sieve=0 prefixes=153907908 wide=10322
DONE M=13856993 shard=393/2000 nodes=185678492 sols=0 skip_q=0 skip_num=0 skip_sieve=0 prefixes=153907908 wide=10252
DONE M=13856993 shard=394/2000 nodes=194971863 sols=0 skip_q=0 skip_num=0 skip_sieve=0 prefixes=153907908 wide=10334
DONE M=13856993 shard=395/2000 nodes=152309737 sols=0 skip_q=0 skip_num=0 skip_sieve=0 prefixes=153907908 wide=9826
DONE M=13856993 shard=396/2000 nodes=186809536 sols=0 skip_q=0 skip_num=0 skip_sieve=0 prefixes=153907908 wide=9453
DONE M=13856993 shard=397/2000 nodes=184561957 sols=0 skip_q=0 skip_num=0 skip_sieve=0 prefixes=153907908 wide=10583
DONE M=13856993 shard=398/2000 nodes=193775346 sols=0 skip_q=0 skip_num=0 skip_sieve=0 prefixes=153907908 wide=10276
DONE M=13856993 shard=399/2000 nodes=308959431 sols=0 skip_q=0 skip_num=0 skip_sieve=0 prefixes=153907908 wide=10623
DONE M=13856993 shard=400/2000 nodes=207909643 sols=0 skip_q=0 skip_num=0 skip_sieve=0 prefixes=153907908 wide=9868
DONE M=13856993 shard=401/2000 nodes=157556554 sols=0 skip_q=0 skip_num=0 skip_sieve=0 prefixes=153907908 wide=9202
DONE M=13856993 shard=402/2000 nodes=166865274 sols=0 skip_q=0 skip_num=0 skip_sieve=0 prefixes=153907908 wide=10188
DONE M=13856993 shard=403/2000 nodes=160454680 sols=0 skip_q=0 skip_num=0 skip_sieve=0 prefixes=153907908 wide=9628
DONE M=13856993 shard=404/2000 nodes=314593622 sols=0 skip_q=0 skip_num=0 skip_sieve=0 prefixes=153907908 wide=10471
DONE M=13856993 shard=405/2000 nodes=158604574 sols=0 skip_q=0 skip_num=0 skip_sieve=0 prefixes=153907908 wide=10222
DONE M=13856993 shard=406/2000 nodes=150702168 sols=0 skip_q=0 skip_num=0 skip_sieve=0 prefixes=153907908 wide=9156
DONE M=13856993 shard=407/2000 nodes=178969987 sols=0 skip_q=0 skip_num=0 skip_sieve=0 prefixes=153907908 wide=10530
DONE M=13856993 shard=408/2000 nodes=320619785 sols=0 skip_q=0 skip_num=0 skip_sieve=0 prefixes=153907908 wide=10418
DONE M=13856993 shard=409/2000 nodes=238613206 sols=0 skip_q=0 skip_num=0 skip_sieve=0 prefixes=153907908 wide=10245
DONE M=13856993 shard=410/2000 nodes=160945207 sols=0 skip_q=0 skip_num=0 skip_sieve=0 prefixes=153907908 wide=9925
DONE M=13856993 shard=411/2000 nodes=181956402 sols=0 skip_q=0 skip_num=0 skip_sieve=0 prefixes=153907908 wide=9623
DONE M=13856993 shard=412/2000 nodes=202742428 sols=0 skip_q=0 skip_num=0 skip_sieve=0 prefixes=153907908 wide=10330
DONE M=13856993 shard=413/2000 nodes=203717116 sols=0 skip_q=0 skip_num=0 skip_sieve=0 prefixes=153907908 wide=10607
DONE M=13856993 shard=414/2000 nodes=177160767 sols=0 skip_q=0 skip_num=0 skip_sieve=0 prefixes=153907908 wide=10335
DONE M=13856993 shard=415/2000 nodes=164113019 sols=0 skip_q=0 skip_num=0 skip_sieve=0 prefixes=153907908 wide=10034
DONE M=13856993 shard=416/2000 nodes=213396749 sols=0 skip_q=0 skip_num=0 skip_sieve=0 prefixes=153907908 wide=9455
DONE M=13856993 shard=417/2000 nodes=167879706 sols=0 skip_q=0 skip_num=0 skip_sieve=0 prefixes=153907908 wide=10232
DONE M=13856993 shard=418/2000 nodes=199804408 sols=0 skip_q=0 skip_num=0 skip_sieve=0 prefixes=153907908 wide=10273
DONE M=13856993 shard=419/2000 nodes=236006550 sols=0 skip_q=0 skip_num=0 skip_sieve=0 prefixes=153907908 wide=9631
DONE M=13856993 shard=420/2000 nodes=188152566 sols=0 skip_q=0 skip_num=0 skip_sieve=0 prefixes=153907908 wide=10081
DONE M=13856993 shard=421/2000 nodes=174558074 sols=0 skip_q=0 skip_num=0 skip_sieve=0 prefixes=153907908 wide=9557
DONE M=13856993 shard=422/2000 nodes=156754755 sols=0 skip_q=0 skip_num=0 skip_sieve=0 prefixes=153907908 wide=10181
DONE M=13856993 shard=423/2000 nodes=196388393 sols=0 skip_q=0 skip_num=0 skip_sieve=0 prefixes=153907908 wide=10622
DONE M=13856993 shard=424/2000 nodes=576357644 sols=0 skip_q=0 skip_num=0 skip_sieve=0 prefixes=153907908 wide=10471
DONE M=13856993 shard=425/2000 nodes=155021251 sols=0 skip_q=0 skip_num=0 skip_sieve=0 prefixes=153907908 wide=10174
DONE M=13856993 shard=426/2000 nodes=175700733 sols=0 skip_q=0 skip_num=0 skip_sieve=0 prefixes=153907908 wide=9320
DONE M=13856993 shard=427/2000 nodes=173974629 sols=0 skip_q=0 skip_num=0 skip_sieve=0 prefixes=153907908 wide=10314
DONE M=13856993 shard=428/2000 nodes=236308166 sols=0 skip_q=0 skip_num=0 skip_sieve=0 prefixes=153907908 wide=10398
DONE M=13856993 shard=429/2000 nodes=255656019 sols=0 skip_q=0 skip_num=0 skip_sieve=0 prefixes=153907908 wide=10605
DONE M=13856993 shard=430/2000 nodes=142566735 sols=0 skip_q=0 skip_num=0 skip_sieve=0 prefixes=153907908 wide=9932
DONE M=13856993 shard=431/2000 nodes=176952908 sols=0 skip_q=0 skip_num=0 skip_sieve=0 prefixes=153907908 wide=9693
DONE M=13856993 shard=432/2000 nodes=230805605 sols=0 skip_q=0 skip_num=0 skip_sieve=0 prefixes=153907908 wide=10322
DONE M=13856993 shard=433/2000 nodes=205066150 sols=0 skip_q=0 skip_num=0 skip_sieve=0 prefixes=153907908 wide=10256
DONE M=13856993 shard=434/2000 nodes=183000812 sols=0 skip_q=0 skip_num=0 skip_sieve=0 prefixes=153907908 wide=10351
DONE M=13856993 shard=435/2000 nodes=141973536 sols=0 skip_q=0 skip_num=0 skip_sieve=0 prefixes=153907908 wide=9061
DONE M=13856993 shard=436/2000 nodes=187747185 sols=0 skip_q=0 skip_num=0 skip_sieve=0 prefixes=153907908 wide=9353
DONE M=13856993 shard=437/2000 nodes=184138657 sols=0 skip_q=0 skip_num=0 skip_sieve=0 prefixes=153907908 wide=10570
DONE M=13856993 shard=438/2000 nodes=190918516 sols=0 skip_q=0 skip_num=0 skip_sieve=0 prefixes=153907908 wide=10272
DONE M=13856993 shard=439/2000 nodes=254858888 sols=0 skip_q=0 skip_num=0 skip_sieve=0 prefixes=153907908 wide=10616
DONE M=13856993 shard=440/2000 nodes=249450224 sols=0 skip_q=0 skip_num=0 skip_sieve=0 prefixes=153907908 wide=10067
DONE M=13856993 shard=441/2000 nodes=157549980 sols=0 skip_q=0 skip_num=0 skip_sieve=0 prefixes=153907908 wide=9206
DONE M=13856993 shard=442/2000 nodes=182693053 sols=0 skip_q=0 skip_num=0 skip_sieve=0 prefixes=153907908 wide=10190
DONE M=13856993 shard=443/2000 nodes=180856736 sols=0 skip_q=0 skip_num=0 skip_sieve=0 prefixes=153907908 wide=10400
DONE M=13856993 shard=444/2000 nodes=315662047 sols=0 skip_q=0 skip_num=0 skip_sieve=0 prefixes=153907908 wide=10468
DONE M=13856993 shard=445/2000 nodes=162101706 sols=0 skip_q=0 skip_num=0 skip_sieve=0 prefixes=153907908 wide=10231
DONE M=13856993 shard=446/2000 nodes=153252443 sols=0 skip_q=0 skip_num=0 skip_sieve=0 prefixes=153907908 wide=9324
DONE M=13856993 shard=447/2000 nodes=175918541 sols=0 skip_q=0 skip_num=0 skip_sieve=0 prefixes=153907908 wide=10535
DONE M=13856993 shard=448/2000 nodes=265933499 sols=0 skip_q=0 skip_num=0 skip_sieve=0 prefixes=153907908 wide=10397
DONE M=13856993 shard=449/2000 nodes=294685673 sols=0 skip_q=0 skip_num=0 skip_sieve=0 prefixes=153907908 wide=10251
DONE M=13856993 shard=450/2000 nodes=144306341 sols=0 skip_q=0 skip_num=0 skip_sieve=0 prefixes=153907908 wide=9744
DONE M=13856993 shard=451/2000 nodes=163374861 sols=0 skip_q=0 skip_num=0 skip_sieve=0 prefixes=153907908 wide=8853
DONE M=13856993 shard=452/2000 nodes=206591698 sols=0 skip_q=0 skip_num=0 skip_sieve=0 prefixes=153907908 wide=10313
DONE M=13856993 shard=453/2000 nodes=203892494 sols=0 skip_q=0 skip_num=0 skip_sieve=0 prefixes=153907908 wide=10599
DONE M=13856993 shard=454/2000 nodes=177473517 sols=0 skip_q=0 skip_num=0 skip_sieve=0 prefixes=153907908 wide=10331
DONE M=13856993 shard=455/2000 nodes=160899730 sols=0 skip_q=0 skip_num=0 skip_sieve=0 prefixes=153907908 wide=10050
DONE M=13856993 shard=456/2000 nodes=245436196 sols=0 skip_q=0 skip_num=0 skip_sieve=0 prefixes=153907908 wide=9304
DONE M=13856993 shard=457/2000 nodes=168073709 sols=0 skip_q=0 skip_num=0 skip_sieve=0 prefixes=153907908 wide=10221
DONE M=13856993 shard=458/2000 nodes=234329600 sols=0 skip_q=0 skip_num=0 skip_sieve=0 prefixes=153907908 wide=10261
DONE M=13856993 shard=459/2000 nodes=247494489 sols=0 skip_q=0 skip_num=0 skip_sieve=0 prefixes=153907908 wide=10403
DONE M=13856993 shard=460/2000 nodes=187474405 sols=0 skip_q=0 skip_num=0 skip_sieve=0 prefixes=153907908 wide=10059
DONE M=13856993 shard=461/2000 nodes=179305640 sols=0 skip_q=0 skip_num=0 skip_sieve=0 prefixes=153907908 wide=9558
DONE M=13856993 shard=462/2000 nodes=158844758 sols=0 skip_q=0 skip_num=0 skip_sieve=0 prefixes=153907908 wide=10189
DONE M=13856993 shard=463/2000 nodes=194316665 sols=0 skip_q=0 skip_num=0 skip_sieve=0 prefixes=153907908 wide=10623
DONE M=13856993 shard=464/2000 nodes=375079161 sols=0 skip_q=0 skip_num=0 skip_sieve=0 prefixes=153907908 wide=10459
DONE M=13856993 shard=465/2000 nodes=156235055 sols=0 skip_q=0 skip_num=0 skip_sieve=0 prefixes=153907908 wide=10189
DONE M=13856993 shard=466/2000 nodes=164080586 sols=0 skip_q=0 skip_num=0 skip_sieve=0 prefixes=153907908 wide=9319
DONE M=13856993 shard=467/2000 nodes=166209298 sols=0 skip_q=0 skip_num=0 skip_sieve=0 prefixes=153907908 wide=9531
DONE M=13856993 shard=468/2000 nodes=238248767 sols=0 skip_q=0 skip_num=0 skip_sieve=0 prefixes=153907908 wide=10399
DONE M=13856993 shard=469/2000 nodes=256599104 sols=0 skip_q=0 skip_num=0 skip_sieve=0 prefixes=153907908 wide=10596
DONE M=13856993 shard=470/2000 nodes=142956778 sols=0 skip_q=0 skip_num=0 skip_sieve=0 prefixes=153907908 wide=9949
DONE M=13856993 shard=471/2000 nodes=179274215 sols=0 skip_q=0 skip_num=0 skip_sieve=0 prefixes=153907908 wide=9844
DONE M=13856993 shard=472/2000 nodes=264670550 sols=0 skip_q=0 skip_num=0 skip_sieve=0 prefixes=153907908 wide=10320
DONE M=13856993 shard=473/2000 nodes=185124635 sols=0 skip_q=0 skip_num=0 skip_sieve=0 prefixes=153907908 wide=10241
DONE M=13856993 shard=474/2000 nodes=220822474 sols=0 skip_q=0 skip_num=0 skip_sieve=0 prefixes=153907908 wide=10338
DONE M=13856993 shard=475/2000 nodes=151192608 sols=0 skip_q=0 skip_num=0 skip_sieve=0 prefixes=153907908 wide=9823
DONE M=13856993 shard=476/2000 nodes=187750211 sols=0 skip_q=0 skip_num=0 skip_sieve=0 prefixes=153907908 wide=9450
DONE M=13856993 shard=477/2000 nodes=189319622 sols=0 skip_q=0 skip_num=0 skip_sieve=0 prefixes=153907908 wide=10576
DONE M=13856993 shard=478/2000 nodes=192005507 sols=0 skip_q=0 skip_num=0 skip_sieve=0 prefixes=153907908 wide=10266
DONE M=13856993 shard=479/2000 nodes=252492056 sols=0 skip_q=0 skip_num=0 skip_sieve=0 prefixes=153907908 wide=10637
DONE M=13856993 shard=480/2000 nodes=213520648 sols=0 skip_q=0 skip_num=0 skip_sieve=0 prefixes=153907908 wide=10062
DONE M=13856993 shard=481/2000 nodes=155749347 sols=0 skip_q=0 skip_num=0 skip_sieve=0 prefixes=153907908 wide=9051
DONE M=13856993 shard=482/2000 nodes=165361490 sols=0 skip_q=0 skip_num=0 skip_sieve=0 prefixes=153907908 wide=10195
DONE M=13856993 shard=483/2000 nodes=163380812 sols=0 skip_q=0 skip_num=0 skip_sieve=0 prefixes=153907908 wide=9640
DONE M=13856993 shard=484/2000 nodes=315610008 sols=0 skip_q=0 skip_num=0 skip_sieve=0 prefixes=153907908 wide=10466
DONE M=13856993 shard=485/2000 nodes=160050708 sols=0 skip_q=0 skip_num=0 skip_sieve=0 prefixes=153907908 wide=10232
DONE M=13856993 shard=486/2000 nodes=170504247 sols=0 skip_q=0 skip_num=0 skip_sieve=0 prefixes=153907908 wide=9231
DONE M=13856993 shard=487/2000 nodes=176958435 sols=0 skip_q=0 skip_num=0 skip_sieve=0 prefixes=153907908 wide=10545
DONE M=13856993 shard=488/2000 nodes=296331585 sols=0 skip_q=0 skip_num=0 skip_sieve=0 prefixes=153907908 wide=10404
DONE M=13856993 shard=489/2000 nodes=241827529 sols=0 skip_q=0 skip_num=0 skip_sieve=0 prefixes=153907908 wide=10253
DONE M=13856993 shard=490/2000 nodes=164591974 sols=0 skip_q=0 skip_num=0 skip_sieve=0 prefixes=153907908 wide=9936
DONE M=13856993 shard=491/2000 nodes=172199563 sols=0 skip_q=0 skip_num=0 skip_sieve=0 prefixes=153907908 wide=9625
DONE M=13856993 shard=492/2000 nodes=202945790 sols=0 skip_q=0 skip_num=0 skip_sieve=0 prefixes=153907908 wide=10321
DONE M=13856993 shard=493/2000 nodes=205461516 sols=0 skip_q=0 skip_num=0 skip_sieve=0 prefixes=153907908 wide=10600
DONE M=13856993 shard=494/2000 nodes=178315517 sols=0 skip_q=0 skip_num=0 skip_sieve=0 prefixes=153907908 wide=10333
DONE M=13856993 shard=495/2000 nodes=159159427 sols=0 skip_q=0 skip_num=0 skip_sieve=0 prefixes=153907908 wide=10037
DONE M=13856993 shard=496/2000 nodes=213708761 sols=0 skip_q=0 skip_num=0 skip_sieve=0 prefixes=153907908 wide=9462
DONE M=13856993 shard=497/2000 nodes=165320957 sols=0 skip_q=0 skip_num=0 skip_sieve=0 prefixes=153907908 wide=10216
DONE M=13856993 shard=498/2000 nodes=200872403 sols=0 skip_q=0 skip_num=0 skip_sieve=0 prefixes=153907908 wide=10276
DONE M=13856993 shard=499/2000 nodes=292879904 sols=0 skip_q=0 skip_num=0 skip_sieve=0 prefixes=153907908 wide=9617
DONE M=13856993 shard=500/2000 nodes=181240166 sols=0 skip_q=0 skip_num=0 skip_sieve=0 prefixes=153907908 wide=9863
DONE M=13856993 shard=501/2000 nodes=173282227 sols=0 skip_q=0 skip_num=0 skip_sieve=0 prefixes=153907908 wide=9561
DONE M=13856993 shard=502/2000 nodes=158902458 sols=0 skip_q=0 skip_num=0 skip_sieve=0 prefixes=153907908 wide=10196
DONE M=13856993 shard=503/2000 nodes=194403915 sols=0 skip_q=0 skip_num=0 skip_sieve=0 prefixes=153907908 wide=10611
DONE M=13856993 shard=504/2000 nodes=454831311 sols=0 skip_q=0 skip_num=0 skip_sieve=0 prefixes=153907908 wide=10460
DONE M=13856993 shard=505/2000 nodes=155370514 sols=0 skip_q=0 skip_num=0 skip_sieve=0 prefixes=153907908 wide=10178
DONE M=13856993 shard=506/2000 nodes=173207264 sols=0 skip_q=0 skip_num=0 skip_sieve=0 prefixes=153907908 wide=9159
DONE M=13856993 shard=507/2000 nodes=173587668 sols=0 skip_q=0 skip_num=0 skip_sieve=0 prefixes=153907908 wide=10308
DONE M=13856993 shard=508/2000 nodes=274033724 sols=0 skip_q=0 skip_num=0 skip_sieve=0 prefixes=153907908 wide=10406
DONE M=13856993 shard=509/2000 nodes=258511164 sols=0 skip_q=0 skip_num=0 skip_sieve=0 prefixes=153907908 wide=10599
DONE M=13856993 shard=510/2000 nodes=142907314 sols=0 skip_q=0 skip_num=0 skip_sieve=0 prefixes=153907908 wide=9949
DONE M=13856993 shard=511/2000 nodes=188460746 sols=0 skip_q=0 skip_num=0 skip_sieve=0 prefixes=153907908 wide=9853
DONE M=13856993 shard=512/2000 nodes=229202656 sols=0 skip_q=0 skip_num=0 skip_sieve=0 prefixes=153907908 wide=10337
DONE M=13856993 shard=513/2000 nodes=185156851 sols=0 skip_q=0 skip_num=0 skip_sieve=0 prefixes=153907908 wide=10248
DONE M=13856993 shard=514/2000 nodes=183376754 sols=0 skip_q=0 skip_num=0 skip_sieve=0 prefixes=153907908 wide=10338
DONE M=13856993 shard=515/2000 nodes=147267478 sols=0 skip_q=0 skip_num=0 skip_sieve=0 prefixes=153907908 wide=9048
DONE M=13856993 shard=516/2000 nodes=188194761 sols=0 skip_q=0 skip_num=0 skip_sieve=0 prefixes=153907908 wide=9454
DONE M=13856993 shard=517/2000 nodes=186664472 sols=0 skip_q=0 skip_num=0 skip_sieve=0 prefixes=153907908 wide=10579
DONE M=13856993 shard=518/2000 nodes=193538573 sols=0 skip_q=0 skip_num=0 skip_sieve=0 prefixes=153907908 wide=10284
DONE M=13856993 shard=519/2000 nodes=252139148 sols=0 skip_q=0 skip_num=0 skip_sieve=0 prefixes=153907908 wide=10627
DONE M=13856993 shard=520/2000 nodes=245613479 sols=0 skip_q=0 skip_num=0 skip_sieve=0 prefixes=153907908 wide=10060
DONE M=13856993 shard=521/2000 nodes=157977545 sols=0 skip_q=0 skip_num=0 skip_sieve=0 prefixes=153907908 wide=9209
DONE M=13856993 shard=522/2000 nodes=176954215 sols=0 skip_q=0 skip_num=0 skip_sieve=0 prefixes=153907908 wide=10181
DONE M=13856993 shard=523/2000 nodes=181402224 sols=0 skip_q=0 skip_num=0 skip_sieve=0 prefixes=153907908 wide=10408
DONE M=13856993 shard=524/2000 nodes=391598744 sols=0 skip_q=0 skip_num=0 skip_sieve=0 prefixes=153907908 wide=10469
DONE M=13856993 shard=525/2000 nodes=161608122 sols=0 skip_q=0 skip_num=0 skip_sieve=0 prefixes=153907908 wide=10228
DONE M=13856993 shard=526/2000 nodes=153126486 sols=0 skip_q=0 skip_num=0 skip_sieve=0 prefixes=153907908 wide=9313
DONE M=13856993 shard=527/2000 nodes=181618640 sols=0 skip_q=0 skip_num=0 skip_sieve=0 prefixes=153907908 wide=10523
DONE M=13856993 shard=528/2000 nodes=264822457 sols=0 skip_q=0 skip_num=0 skip_sieve=0 prefixes=153907908 wide=10410
DONE M=13856993 shard=529/2000 nodes=239143054 sols=0 skip_q=0 skip_num=0 skip_sieve=0 prefixes=153907908 wide=10256
DONE M=13856993 shard=530/2000 nodes=148297717 sols=0 skip_q=0 skip_num=0 skip_sieve=0 prefixes=153907908 wide=9941
DONE M=13856993 shard=531/2000 nodes=162443012 sols=0 skip_q=0 skip_num=0 skip_sieve=0 prefixes=153907908 wide=8694
DONE M=13856993 shard=532/2000 nodes=205616273 sols=0 skip_q=0 skip_num=0 skip_sieve=0 prefixes=153907908 wide=10315
DONE M=13856993 shard=533/2000 nodes=224674101 sols=0 skip_q=0 skip_num=0 skip_sieve=0 prefixes=153907908 wide=10617
DONE M=13856993 shard=534/2000 nodes=177833402 sols=0 skip_q=0 skip_num=0 skip_sieve=0 prefixes=153907908 wide=10337
DONE M=13856993 shard=535/2000 nodes=162020548 sols=0 skip_q=0 skip_num=0 skip_sieve=0 prefixes=153907908 wide=10050
DONE M=13856993 shard=536/2000 nodes=247292706 sols=0 skip_q=0 skip_num=0 skip_sieve=0 prefixes=153907908 wide=9361
DONE M=13856993 shard=537/2000 nodes=166051331 sols=0 skip_q=0 skip_num=0 skip_sieve=0 prefixes=153907908 wide=10229
DONE M=13856993 shard=538/2000 nodes=209096300 sols=0 skip_q=0 skip_num=0 skip_sieve=0 prefixes=153907908 wide=10264
DONE M=13856993 shard=539/2000 nodes=247593161 sols=0 skip_q=0 skip_num=0 skip_sieve=0 prefixes=153907908 wide=10396
DONE M=13856993 shard=540/2000 nodes=189910904 sols=0 skip_q=0 skip_num=0 skip_sieve=0 prefixes=153907908 wide=10059
DONE M=13856993 shard=541/2000 nodes=169751752 sols=0 skip_q=0 skip_num=0 skip_sieve=0 prefixes=153907908 wide=9548
DONE M=13856993 shard=542/2000 nodes=160659274 sols=0 skip_q=0 skip_num=0 skip_sieve=0 prefixes=153907908 wide=10197
DONE M=13856993 shard=543/2000 nodes=194365078 sols=0 skip_q=0 skip_num=0 skip_sieve=0 prefixes=153907908 wide=10624
DONE M=13856993 shard=544/2000 nodes=375351301 sols=0 skip_q=0 skip_num=0 skip_sieve=0 prefixes=153907908 wide=10479
DONE M=13856993 shard=545/2000 nodes=155403186 sols=0 skip_q=0 skip_num=0 skip_sieve=0 prefixes=153907908 wide=10185
DONE M=13856993 shard=546/2000 nodes=161996508 sols=0 skip_q=0 skip_num=0 skip_sieve=0 prefixes=153907908 wide=9317
DONE M=13856993 shard=547/2000 nodes=162655022 sols=0 skip_q=0 skip_num=0 skip_sieve=0 prefixes=153907908 wide=9540
DONE M=13856993 shard=548/2000 nodes=239570914 sols=0 skip_q=0 skip_num=0 skip_sieve=0 prefixes=153907908 wide=10400
DONE M=13856993 shard=549/2000 nodes=313333358 sols=0 skip_q=0 skip_num=0 skip_sieve=0 prefixes=153907908 wide=10601
DONE M=13856993 shard=550/2000 nodes=135767391 sols=0 skip_q=0 skip_num=0 skip_sieve=0 prefixes=153907908 wide=9743
DONE M=13856993 shard=551/2000 nodes=177230169 sols=0 skip_q=0 skip_num=0 skip_sieve=0 prefixes=153907908 wide=9849
DONE M=13856993 shard=552/2000 nodes=269164105 sols=0 skip_q=0 skip_num=0 skip_sieve=0 prefixes=153907908 wide=10318
DONE M=13856993 shard=553/2000 nodes=185949499 sols=0 skip_q=0 skip_num=0 skip_sieve=0 prefixes=153907908 wide=10261
DONE M=13856993 shard=554/2000 nodes=195618909 sols=0 skip_q=0 skip_num=0 skip_sieve=0 prefixes=153907908 wide=10338
DONE M=13856993 shard=555/2000 nodes=151874421 sols=0 skip_q=0 skip_num=0 skip_sieve=0 prefixes=153907908 wide=9834
DONE M=13856993 shard=556/2000 nodes=185735757 sols=0 skip_q=0 skip_num=0 skip_sieve=0 prefixes=153907908 wide=9298
DONE M=13856993 shard=557/2000 nodes=185886941 sols=0 skip_q=0 skip_num=0 skip_sieve=0 prefixes=153907908 wide=10561
DONE M=13856993 shard=558/2000 nodes=215231865 sols=0 skip_q=0 skip_num=0 skip_sieve=0 prefixes=153907908 wide=10259
DONE M=13856993 shard=559/2000 nodes=253121916 sols=0 skip_q=0 skip_num=0 skip_sieve=0 prefixes=153907908 wide=10625
DONE M=13856993 shard=560/2000 nodes=213160832 sols=0 skip_q=0 skip_num=0 skip_sieve=0 prefixes=153907908 wide=10081
DONE M=13856993 shard=561/2000 nodes=165981535 sols=0 skip_q=0 skip_num=0 skip_sieve=0 prefixes=153907908 wide=9209
DONE M=13856993 shard=562/2000 nodes=163546464 sols=0 skip_q=0 skip_num=0 skip_sieve=0 prefixes=153907908 wide=10193
DONE M=13856993 shard=563/2000 nodes=158366162 sols=0 skip_q=0 skip_num=0 skip_sieve=0 prefixes=153907908 wide=9635
DONE M=13856993 shard=564/2000 nodes=314737208 sols=0 skip_q=0 skip_num=0 skip_sieve=0 prefixes=153907908 wide=10472
DONE M=13856993 shard=565/2000 nodes=158072630 sols=0 skip_q=0 skip_num=0 skip_sieve=0 prefixes=153907908 wide=10233
DONE M=13856993 shard=566/2000 nodes=155118561 sols=0 skip_q=0 skip_num=0 skip_sieve=0 prefixes=153907908 wide=9324
DONE M=13856993 shard=567/2000 nodes=180384001 sols=0 skip_q=0 skip_num=0 skip_sieve=0 prefixes=153907908 wide=10527
DONE M=13856993 shard=568/2000 nodes=298762711 sols=0 skip_q=0 skip_num=0 skip_sieve=0 prefixes=153907908 wide=10404
DONE M=13856993 shard=569/2000 nodes=240098000 sols=0 skip_q=0 skip_num=0 skip_sieve=0 prefixes=153907908 wide=10261
DONE M=13856993 shard=570/2000 nodes=161545865 sols=0 skip_q=0 skip_num=0 skip_sieve=0 prefixes=153907908 wide=9935
DONE M=13856993 shard=571/2000 nodes=171040019 sols=0 skip_q=0 skip_num=0 skip_sieve=0 prefixes=153907908 wide=9615
DONE M=13856993 shard=572/2000 nodes=201559468 sols=0 skip_q=0 skip_num=0 skip_sieve=0 prefixes=153907908 wide=10319
DONE M=13856993 shard=573/2000 nodes=204280327 sols=0 skip_q=0 skip_num=0 skip_sieve=0 prefixes=153907908 wide=10594
DONE M=13856993 shard=574/2000 nodes=193582238 sols=0 skip_q=0 skip_num=0 skip_sieve=0 prefixes=153907908 wide=10329
DONE M=13856993 shard=575/2000 nodes=158618428 sols=0 skip_q=0 skip_num=0 skip_sieve=0 prefixes=153907908 wide=10058
DONE M=13856993 shard=576/2000 nodes=214029614 sols=0 skip_q=0 skip_num=0 skip_sieve=0 prefixes=153907908 wide=9455
DONE M=13856993 shard=577/2000 nodes=170387111 sols=0 skip_q=0 skip_num=0 skip_sieve=0 prefixes=153907908 wide=10222
DONE M=13856993 shard=578/2000 nodes=198022300 sols=0 skip_q=0 skip_num=0 skip_sieve=0 prefixes=153907908 wide=10273
DONE M=13856993 shard=579/2000 nodes=237079794 sols=0 skip_q=0 skip_num=0 skip_sieve=0 prefixes=153907908 wide=9623
DONE M=13856993 shard=580/2000 nodes=187025762 sols=0 skip_q=0 skip_num=0 skip_sieve=0 prefixes=153907908 wide=10073
DONE M=13856993 shard=581/2000 nodes=172589856 sols=0 skip_q=0 skip_num=0 skip_sieve=0 prefixes=153907908 wide=9390
DONE M=13856993 shard=582/2000 nodes=157039940 sols=0 skip_q=0 skip_num=0 skip_sieve=0 prefixes=153907908 wide=10187
DONE M=13856993 shard=583/2000 nodes=210955808 sols=0 skip_q=0 skip_num=0 skip_sieve=0 prefixes=153907908 wide=10612
DONE M=13856993 shard=584/2000 nodes=454616135 sols=0 skip_q=0 skip_num=0 skip_sieve=0 prefixes=153907908 wide=10467
DONE M=13856993 shard=585/2000 nodes=155631143 sols=0 skip_q=0 skip_num=0 skip_sieve=0 prefixes=153907908 wide=10173
DONE M=13856993 shard=586/2000 nodes=195262960 sols=0 skip_q=0 skip_num=0 skip_sieve=0 prefixes=153907908 wide=9235
DONE M=13856993 shard=587/2000 nodes=170091289 sols=0 skip_q=0 skip_num=0 skip_sieve=0 prefixes=153907908 wide=10312
DONE M=13856993 shard=588/2000 nodes=235003724 sols=0 skip_q=0 skip_num=0 skip_sieve=0 prefixes=153907908 wide=10402
DONE M=13856993 shard=589/2000 nodes=257094964 sols=0 skip_q=0 skip_num=0 skip_sieve=0 prefixes=153907908 wide=10605
DONE M=13856993 shard=590/2000 nodes=145782944 sols=0 skip_q=0 skip_num=0 skip_sieve=0 prefixes=153907908 wide=9936
DONE M=13856993 shard=591/2000 nodes=178456889 sols=0 skip_q=0 skip_num=0 skip_sieve=0 prefixes=153907908 wide=9855
DONE M=13856993 shard=592/2000 nodes=229820637 sols=0 skip_q=0 skip_num=0 skip_sieve=0 prefixes=153907908 wide=10327
DONE M=13856993 shard=593/2000 nodes=185531019 sols=0 skip_q=0 skip_num=0 skip_sieve=0 prefixes=153907908 wide=10264
DONE M=13856993 shard=594/2000 nodes=182669508 sols=0 skip_q=0 skip_num=0 skip_sieve=0 prefixes=153907908 wide=10336
DONE M=13856993 shard=595/2000 nodes=144022631 sols=0 skip_q=0 skip_num=0 skip_sieve=0 prefixes=153907908 wide=9063
DONE M=13856993 shard=596/2000 nodes=187357177 sols=0 skip_q=0 skip_num=0 skip_sieve=0 prefixes=153907908 wide=9456
DONE M=13856993 shard=597/2000 nodes=185156879 sols=0 skip_q=0 skip_num=0 skip_sieve=0 prefixes=153907908 wide=10579
DONE M=13856993 shard=598/2000 nodes=193686101 sols=0 skip_q=0 skip_num=0 skip_sieve=0 prefixes=153907908 wide=10269
DONE M=13856993 shard=599/2000 nodes=345249287 sols=0 skip_q=0 skip_num=0 skip_sieve=0 prefixes=153907908 wide=10618
DONE M=13856993 shard=600/2000 nodes=241231005 sols=0 skip_q=0 skip_num=0 skip_sieve=0 prefixes=153907908 wide=9869
DONE M=13856993 shard=601/2000 nodes=157478271 sols=0 skip_q=0 skip_num=0 skip_sieve=0 prefixes=153907908 wide=9197
DONE M=13856993 shard=602/2000 nodes=178633861 sols=0 skip_q=0 skip_num=0 skip_sieve=0 prefixes=153907908 wide=10200
DONE M=13856993 shard=603/2000 nodes=180805278 sols=0 skip_q=0 skip_num=0 skip_sieve=0 prefixes=153907908 wide=10381
DONE M=13856993 shard=604/2000 nodes=314384584 sols=0 skip_q=0 skip_num=0 skip_sieve=0 prefixes=153907908 wide=10456
DONE M=13856993 shard=605/2000 nodes=162446919 sols=0 skip_q=0 skip_num=0 skip_sieve=0 prefixes=153907908 wide=10227
DONE M=13856993 shard=606/2000 nodes=150721373 sols=0 skip_q=0 skip_num=0 skip_sieve=0 prefixes=153907908 wide=9157
DONE M=13856993 shard=607/2000 nodes=179188694 sols=0 skip_q=0 skip_num=0 skip_sieve=0 prefixes=153907908 wide=10540
DONE M=13856993 shard=608/2000 nodes=287923544 sols=0 skip_q=0 skip_num=0 skip_sieve=0 prefixes=153907908 wide=10408
DONE M=13856993 shard=609/2000 nodes=238057204 sols=0 skip_q=0 skip_num=0 skip_sieve=0 prefixes=153907908 wide=10254
DONE M=13856993 shard=610/2000 nodes=151227839 sols=0 skip_q=0 skip_num=0 skip_sieve=0 prefixes=153907908 wide=9934
DONE M=13856993 shard=611/2000 nodes=179452313 sols=0 skip_q=0 skip_num=0 skip_sieve=0 prefixes=153907908 wide=8853
DONE M=13856993 shard=612/2000 nodes=201326236 sols=0 skip_q=0 skip_num=0 skip_sieve=0 prefixes=153907908 wide=10323
DONE M=13856993 shard=613/2000 nodes=204317270 sols=0 skip_q=0 skip_num=0 skip_sieve=0 prefixes=153907908 wide=10611
DONE M=13856993 shard=614/2000 nodes=177728980 sols=0 skip_q=0 skip_num=0 skip_sieve=0 prefixes=153907908 wide=10346
DONE M=13856993 shard=615/2000 nodes=165677852 sols=0 skip_q=0 skip_num=0 skip_sieve=0 prefixes=153907908 wide=10039
DONE M=13856993 shard=616/2000 nodes=247111343 sols=0 skip_q=0 skip_num=0 skip_sieve=0 prefixes=153907908 wide=9443
DONE M=13856993 shard=617/2000 nodes=168121427 sols=0 skip_q=0 skip_num=0 skip_sieve=0 prefixes=153907908 wide=10232
DONE M=13856993 shard=618/2000 nodes=211619265 sols=0 skip_q=0 skip_num=0 skip_sieve=0 prefixes=153907908 wide=10276
DONE M=13856993 shard=619/2000 nodes=246321190 sols=0 skip_q=0 skip_num=0 skip_sieve=0 prefixes=153907908 wide=10393
DONE M=13856993 shard=620/2000 nodes=186615607 sols=0 skip_q=0 skip_num=0 skip_sieve=0 prefixes=153907908 wide=10076
DONE M=13856993 shard=621/2000 nodes=170200386 sols=0 skip_q=0 skip_num=0 skip_sieve=0 prefixes=153907908 wide=9556
DONE M=13856993 shard=622/2000 nodes=158313025 sols=0 skip_q=0 skip_num=0 skip_sieve=0 prefixes=153907908 wide=10192
DONE M=13856993 shard=623/2000 nodes=195293051 sols=0 skip_q=0 skip_num=0 skip_sieve=0 prefixes=153907908 wide=10610
DONE M=13856993 shard=624/2000 nodes=472670305 sols=0 skip_q=0 skip_num=0 skip_sieve=0 prefixes=153907908 wide=10462
DONE M=13856993 shard=625/2000 nodes=154792615 sols=0 skip_q=0 skip_num=0 skip_sieve=0 prefixes=153907908 wide=10176
DONE M=13856993 shard=626/2000 nodes=162747477 sols=0 skip_q=0 skip_num=0 skip_sieve=0 prefixes=153907908 wide=9319
DONE M=13856993 shard=627/2000 nodes=167352154 sols=0 skip_q=0 skip_num=0 skip_sieve=0 prefixes=153907908 wide=9541
DONE M=13856993 shard=628/2000 nodes=236207011 sols=0 skip_q=0 skip_num=0 skip_sieve=0 prefixes=153907908 wide=10402
DONE M=13856993 shard=629/2000 nodes=256333180 sols=0 skip_q=0 skip_num=0 skip_sieve=0 prefixes=153907908 wide=10609
DONE M=13856993 shard=630/2000 nodes=142151695 sols=0 skip_q=0 skip_num=0 skip_sieve=0 prefixes=153907908 wide=9934
DONE M=13856993 shard=631/2000 nodes=178061704 sols=0 skip_q=0 skip_num=0 skip_sieve=0 prefixes=153907908 wide=9685
DONE M=13856993 shard=632/2000 nodes=265569658 sols=0 skip_q=0 skip_num=0 skip_sieve=0 prefixes=153907908 wide=10315
DONE M=13856993 shard=633/2000 nodes=217298996 sols=0 skip_q=0 skip_num=0 skip_sieve=0 prefixes=153907908 wide=10258
DONE M=13856993 shard=634/2000 nodes=195227373 sols=0 skip_q=0 skip_num=0 skip_sieve=0 prefixes=153907908 wide=10347
DONE M=13856993 shard=635/2000 nodes=152528594 sols=0 skip_q=0 skip_num=0 skip_sieve=0 prefixes=153907908 wide=9819
DONE M=13856993 shard=636/2000 nodes=188274291 sols=0 skip_q=0 skip_num=0 skip_sieve=0 prefixes=153907908 wide=9368
DONE M=13856993 shard=637/2000 nodes=184043748 sols=0 skip_q=0 skip_num=0 skip_sieve=0 prefixes=153907908 wide=10566
DONE M=13856993 shard=638/2000 nodes=190978416 sols=0 skip_q=0 skip_num=0 skip_sieve=0 prefixes=153907908 wide=10266
DONE M=13856993 shard=639/2000 nodes=253660006 sols=0 skip_q=0 skip_num=0 skip_sieve=0 prefixes=153907908 wide=10625
DONE M=13856993 shard=640/2000 nodes=218128941 sols=0 skip_q=0 skip_num=0 skip_sieve=0 prefixes=153907908 wide=10067
DONE M=13856993 shard=641/2000 nodes=158126172 sols=0 skip_q=0 skip_num=0 skip_sieve=0 prefixes=153907908 wide=9195
DONE M=13856993 shard=642/2000 nodes=168659060 sols=0 skip_q=0 skip_num=0 skip_sieve=0 prefixes=153907908 wide=10183
DONE M=13856993 shard=643/2000 nodes=159366686 sols=0 skip_q=0 skip_num=0 skip_sieve=0 prefixes=153907908 wide=9634
DONE M=13856993 shard=644/2000 nodes=316386812 sols=0 skip_q=0 skip_num=0 skip_sieve=0 prefixes=153907908 wide=10474
DONE M=13856993 shard=645/2000 nodes=159046505 sols=0 skip_q=0 skip_num=0 skip_sieve=0 prefixes=153907908 wide=10225
DONE M=13856993 shard=646/2000 nodes=153519722 sols=0 skip_q=0 skip_num=0 skip_sieve=0 prefixes=153907908 wide=9317
DONE M=13856993 shard=647/2000 nodes=176813144 sols=0 skip_q=0 skip_num=0 skip_sieve=0 prefixes=153907908 wide=10531
DONE M=13856993 shard=648/2000 nodes=298713437 sols=0 skip_q=0 skip_num=0 skip_sieve=0 prefixes=153907908 wide=10403
DONE M=13856993 shard=649/2000 nodes=294923560 sols=0 skip_q=0 skip_num=0 skip_sieve=0 prefixes=153907908 wide=10268
DONE M=13856993 shard=650/2000 nodes=154424445 sols=0 skip_q=0 skip_num=0 skip_sieve=0 prefixes=153907908 wide=9745
DONE M=13856993 shard=651/2000 nodes=173019270 sols=0 skip_q=0 skip_num=0 skip_sieve=0 prefixes=153907908 wide=9626
DONE M=13856993 shard=652/2000 nodes=205356739 sols=0 skip_q=0 skip_num=0 skip_sieve=0 prefixes=153907908 wide=10309
DONE M=13856993 shard=653/2000 nodes=204290148 sols=0 skip_q=0 skip_num=0 skip_sieve=0 prefixes=153907908 wide=10610
DONE M=13856993 shard=654/2000 nodes=178405904 sols=0 skip_q=0 skip_num=0 skip_sieve=0 prefixes=153907908 wide=10339
DONE M=13856993 shard=655/2000 nodes=160477797 sols=0 skip_q=0 skip_num=0 skip_sieve=0 prefixes=153907908 wide=10058
DONE M=13856993 shard=656/2000 nodes=212068614 sols=0 skip_q=0 skip_num=0 skip_sieve=0 prefixes=153907908 wide=9299
DONE M=13856993 shard=657/2000 nodes=166488106 sols=0 skip_q=0 skip_num=0 skip_sieve=0 prefixes=153907908 wide=10222
DONE M=13856993 shard=658/2000 nodes=223328980 sols=0 skip_q=0 skip_num=0 skip_sieve=0 prefixes=153907908 wide=10259
DONE M=13856993 shard=659/2000 nodes=238152604 sols=0 skip_q=0 skip_num=0 skip_sieve=0 prefixes=153907908 wide=9619
DONE M=13856993 shard=660/2000 nodes=186757421 sols=0 skip_q=0 skip_num=0 skip_sieve=0 prefixes=153907908 wide=10076
DONE M=13856993 shard=661/2000 nodes=182673702 sols=0 skip_q=0 skip_num=0 skip_sieve=0 prefixes=153907908 wide=9557
DONE M=13856993 shard=662/2000 nodes=156834615 sols=0 skip_q=0 skip_num=0 skip_sieve=0 prefixes=153907908 wide=10194
DONE M=13856993 shard=663/2000 nodes=192894778 sols=0 skip_q=0 skip_num=0 skip_sieve=0 prefixes=153907908 wide=10627
DONE M=13856993 shard=664/2000 nodes=454423017 sols=0 skip_q=0 skip_num=0 skip_sieve=0 prefixes=153907908 wide=10472
DONE M=13856993 shard=665/2000 nodes=156582527 sols=0 skip_q=0 skip_num=0 skip_sieve=0 prefixes=153907908 wide=10186
DONE M=13856993 shard=666/2000 nodes=179102019 sols=0 skip_q=0 skip_num=0 skip_sieve=0 prefixes=153907908 wide=9313
DONE M=13856993 shard=667/2000 nodes=173273499 sols=0 skip_q=0 skip_num=0 skip_sieve=0 prefixes=153907908 wide=10295
DONE M=13856993 shard=668/2000 nodes=239145141 sols=0 skip_q=0 skip_num=0 skip_sieve=0 prefixes=153907908 wide=10404
DONE M=13856993 shard=669/2000 nodes=256452538 sols=0 skip_q=0 skip_num=0 skip_sieve=0 prefixes=153907908 wide=10599
DONE M=13856993 shard=670/2000 nodes=143698300 sols=0 skip_q=0 skip_num=0 skip_sieve=0 prefixes=153907908 wide=9929
DONE M=13856993 shard=671/2000 nodes=178350440 sols=0 skip_q=0 skip_num=0 skip_sieve=0 prefixes=153907908 wide=9847
DONE M=13856993 shard=672/2000 nodes=227644733 sols=0 skip_q=0 skip_num=0 skip_sieve=0 prefixes=153907908 wide=10323
DONE M=13856993 shard=673/2000 nodes=184616942 sols=0 skip_q=0 skip_num=0 skip_sieve=0 prefixes=153907908 wide=10250
DONE M=13856993 shard=674/2000 nodes=198752829 sols=0 skip_q=0 skip_num=0 skip_sieve=0 prefixes=153907908 wide=10330
DONE M=13856993 shard=675/2000 nodes=143841244 sols=0 skip_q=0 skip_num=0 skip_sieve=0 prefixes=153907908 wide=9057
DONE M=13856993 shard=676/2000 nodes=187603426 sols=0 skip_q=0 skip_num=0 skip_sieve=0 prefixes=153907908 wide=9453
DONE M=13856993 shard=677/2000 nodes=187267701 sols=0 skip_q=0 skip_num=0 skip_sieve=0 prefixes=153907908 wide=10568
DONE M=13856993 shard=678/2000 nodes=191746085 sols=0 skip_q=0 skip_num=0 skip_sieve=0 prefixes=153907908 wide=10279
DONE M=13856993 shard=679/2000 nodes=251429798 sols=0 skip_q=0 skip_num=0 skip_sieve=0 prefixes=153907908 wide=10626
DONE M=13856993 shard=680/2000 nodes=246557485 sols=0 skip_q=0 skip_num=0 skip_sieve=0 prefixes=153907908 wide=10068
DONE M=13856993 shard=681/2000 nodes=157867538 sols=0 skip_q=0 skip_num=0 skip_sieve=0 prefixes=153907908 wide=9047
DONE M=13856993 shard=682/2000 nodes=176898836 sols=0 skip_q=0 skip_num=0 skip_sieve=0 prefixes=153907908 wide=10189
DONE M=13856993 shard=683/2000 nodes=193067419 sols=0 skip_q=0 skip_num=0 skip_sieve=0 prefixes=153907908 wide=10384
DONE M=13856993 shard=684/2000 nodes=315212385 sols=0 skip_q=0 skip_num=0 skip_sieve=0 prefixes=153907908 wide=10464
DONE M=13856993 shard=685/2000 nodes=163745148 sols=0 skip_q=0 skip_num=0 skip_sieve=0 prefixes=153907908 wide=10234
DONE M=13856993 shard=686/2000 nodes=164160340 sols=0 skip_q=0 skip_num=0 skip_sieve=0 prefixes=153907908 wide=9233
DONE M=13856993 shard=687/2000 nodes=175909600 sols=0 skip_q=0 skip_num=0 skip_sieve=0 prefixes=153907908 wide=10533
DONE M=13856993 shard=688/2000 nodes=263609435 sols=0 skip_q=0 skip_num=0 skip_sieve=0 prefixes=153907908 wide=10402
DONE M=13856993 shard=689/2000 nodes=239543580 sols=0 skip_q=0 skip_num=0 skip_sieve=0 prefixes=153907908 wide=10255
DONE M=13856993 shard=690/2000 nodes=152005019 sols=0 skip_q=0 skip_num=0 skip_sieve=0 prefixes=153907908 wide=9925
DONE M=13856993 shard=691/2000 nodes=164058456 sols=0 skip_q=0 skip_num=0 skip_sieve=0 prefixes=153907908 wide=8859
DONE M=13856993 shard=692/2000 nodes=202139599 sols=0 skip_q=0 skip_num=0 skip_sieve=0 prefixes=153907908 wide=10323
DONE M=13856993 shard=693/2000 nodes=204274162 sols=0 skip_q=0 skip_num=0 skip_sieve=0 prefixes=153907908 wide=10592
DONE M=13856993 shard=694/2000 nodes=178075771 sols=0 skip_q=0 skip_num=0 skip_sieve=0 prefixes=153907908 wide=10337
DONE M=13856993 shard=695/2000 nodes=160821021 sols=0 skip_q=0 skip_num=0 skip_sieve=0 prefixes=153907908 wide=10041
DONE M=13856993 shard=696/2000 nodes=246617567 sols=0 skip_q=0 skip_num=0 skip_sieve=0 prefixes=153907908 wide=9457
DONE M=13856993 shard=697/2000 nodes=166419786 sols=0 skip_q=0 skip_num=0 skip_sieve=0 prefixes=153907908 wide=10214
DONE M=13856993 shard=698/2000 nodes=212116752 sols=0 skip_q=0 skip_num=0 skip_sieve=0 prefixes=153907908 wide=10279
DONE M=13856993 shard=699/2000 nodes=301475289 sols=0 skip_q=0 skip_num=0 skip_sieve=0 prefixes=153907908 wide=10393
DONE M=13856993 shard=700/2000 nodes=181396420 sols=0 skip_q=0 skip_num=0 skip_sieve=0 prefixes=153907908 wide=9863
DONE M=13856993 shard=701/2000 nodes=170262128 sols=0 skip_q=0 skip_num=0 skip_sieve=0 prefixes=153907908 wide=9557
DONE M=13856993 shard=702/2000 nodes=161126466 sols=0 skip_q=0 skip_num=0 skip_sieve=0 prefixes=153907908 wide=10195
DONE M=13856993 shard=703/2000 nodes=194025056 sols=0 skip_q=0 skip_num=0 skip_sieve=0 prefixes=153907908 wide=10618
DONE M=13856993 shard=704/2000 nodes=373033691 sols=0 skip_q=0 skip_num=0 skip_sieve=0 prefixes=153907908 wide=10457
DONE M=13856993 shard=705/2000 nodes=155289986 sols=0 skip_q=0 skip_num=0 skip_sieve=0 prefixes=153907908 wide=10172
DONE M=13856993 shard=706/2000 nodes=158819570 sols=0 skip_q=0 skip_num=0 skip_sieve=0 prefixes=153907908 wide=9166
DONE M=13856993 shard=707/2000 nodes=164968770 sols=0 skip_q=0 skip_num=0 skip_sieve=0 prefixes=153907908 wide=9541
DONE M=13856993 shard=708/2000 nodes=259694492 sols=0 skip_q=0 skip_num=0 skip_sieve=0 prefixes=153907908 wide=10405
DONE M=13856993 shard=709/2000 nodes=256617007 sols=0 skip_q=0 skip_num=0 skip_sieve=0 prefixes=153907908 wide=10599
DONE M=13856993 shard=710/2000 nodes=141973944 sols=0 skip_q=0 skip_num=0 skip_sieve=0 prefixes=153907908 wide=9939
DONE M=13856993 shard=711/2000 nodes=188494964 sols=0 skip_q=0 skip_num=0 skip_sieve=0 prefixes=153907908 wide=9848
DONE M=13856993 shard=712/2000 nodes=262837501 sols=0 skip_q=0 skip_num=0 skip_sieve=0 prefixes=153907908 wide=10316
DONE M=13856993 shard=713/2000 nodes=185294157 sols=0 skip_q=0 skip_num=0 skip_sieve=0 prefixes=153907908 wide=10260
DONE M=13856993 shard=714/2000 nodes=195083408 sols=0 skip_q=0 skip_num=0 skip_sieve=0 prefixes=153907908 wide=10334
DONE M=13856993 shard=715/2000 nodes=153151389 sols=0 skip_q=0 skip_num=0 skip_sieve=0 prefixes=153907908 wide=9822
DONE M=13856993 shard=716/2000 nodes=188536935 sols=0 skip_q=0 skip_num=0 skip_sieve=0 prefixes=153907908 wide=9446
DONE M=13856993 shard=717/2000 nodes=186667476 sols=0 skip_q=0 skip_num=0 skip_sieve=0 prefixes=153907908 wide=10584
DONE M=13856993 shard=718/2000 nodes=192689967 sols=0 skip_q=0 skip_num=0 skip_sieve=0 prefixes=153907908 wide=10273
DONE M=13856993 shard=719/2000 nodes=251770551 sols=0 skip_q=0 skip_num=0 skip_sieve=0 prefixes=153907908 wide=10628
DONE M=13856993 shard=720/2000 nodes=213140061 sols=0 skip_q=0 skip_num=0 skip_sieve=0 prefixes=153907908 wide=10064
DONE M=13856993 shard=721/2000 nodes=157245946 sols=0 skip_q=0 skip_num=0 skip_sieve=0 prefixes=153907908 wide=9195
DONE M=13856993 shard=722/2000 nodes=164676299 sols=0 skip_q=0 skip_num=0 skip_sieve=0 prefixes=153907908 wide=10187
DONE M=13856993 shard=723/2000 nodes=160824664 sols=0 skip_q=0 skip_num=0 skip_sieve=0 prefixes=153907908 wide=9619
DONE M=13856993 shard=724/2000 nodes=438571952 sols=0 skip_q=0 skip_num=0 skip_sieve=0 prefixes=153907908 wide=10476
DONE M=13856993 shard=725/2000 nodes=158139275 sols=0 skip_q=0 skip_num=0 skip_sieve=0 prefixes=153907908 wide=10232
DONE M=13856993 shard=726/2000 nodes=151892442 sols=0 skip_q=0 skip_num=0 skip_sieve=0 prefixes=153907908 wide=9311
DONE M=13856993 shard=727/2000 nodes=183247562 sols=0 skip_q=0 skip_num=0 skip_sieve=0 prefixes=153907908 wide=10527
DONE M=13856993 shard=728/2000 nodes=297716930 sols=0 skip_q=0 skip_num=0 skip_sieve=0 prefixes=153907908 wide=10404
DONE M=13856993 shard=729/2000 nodes=239466147 sols=0 skip_q=0 skip_num=0 skip_sieve=0 prefixes=153907908 wide=10244
DONE M=13856993 shard=730/2000 nodes=160304478 sols=0 skip_q=0 skip_num=0 skip_sieve=0 prefixes=153907908 wide=9927
DONE M=13856993 shard=731/2000 nodes=170686695 sols=0 skip_q=0 skip_num=0 skip_sieve=0 prefixes=153907908 wide=9469
DONE M=13856993 shard=732/2000 nodes=203442791 sols=0 skip_q=0 skip_num=0 skip_sieve=0 prefixes=153907908 wide=10323
DONE M=13856993 shard=733/2000 nodes=224612126 sols=0 skip_q=0 skip_num=0 skip_sieve=0 prefixes=153907908 wide=10603
DONE M=13856993 shard=734/2000 nodes=178054966 sols=0 skip_q=0 skip_num=0 skip_sieve=0 prefixes=153907908 wide=10339
DONE M=13856993 shard=735/2000 nodes=159064689 sols=0 skip_q=0 skip_num=0 skip_sieve=0 prefixes=153907908 wide=10038
DONE M=13856993 shard=736/2000 nodes=215073259 sols=0 skip_q=0 skip_num=0 skip_sieve=0 prefixes=153907908 wide=9356
DONE M=13856993 shard=737/2000 nodes=165062248 sols=0 skip_q=0 skip_num=0 skip_sieve=0 prefixes=153907908 wide=10219
DONE M=13856993 shard=738/2000 nodes=199619089 sols=0 skip_q=0 skip_num=0 skip_sieve=0 prefixes=153907908 wide=10271
DONE M=13856993 shard=739/2000 nodes=237591492 sols=0 skip_q=0 skip_num=0 skip_sieve=0 prefixes=153907908 wide=9621
DONE M=13856993 shard=740/2000 nodes=189460524 sols=0 skip_q=0 skip_num=0 skip_sieve=0 prefixes=153907908 wide=10072
DONE M=13856993 shard=741/2000 nodes=172804372 sols=0 skip_q=0 skip_num=0 skip_sieve=0 prefixes=153907908 wide=9551
DONE M=13856993 shard=742/2000 nodes=160086089 sols=0 skip_q=0 skip_num=0 skip_sieve=0 prefixes=153907908 wide=10194
DONE M=13856993 shard=743/2000 nodes=195017047 sols=0 skip_q=0 skip_num=0 skip_sieve=0 prefixes=153907908 wide=10620
DONE M=13856993 shard=744/2000 nodes=454503112 sols=0 skip_q=0 skip_num=0 skip_sieve=0 prefixes=153907908 wide=10463
DONE M=13856993 shard=745/2000 nodes=156047389 sols=0 skip_q=0 skip_num=0 skip_sieve=0 prefixes=153907908 wide=10176
DONE M=13856993 shard=746/2000 nodes=176149318 sols=0 skip_q=0 skip_num=0 skip_sieve=0 prefixes=153907908 wide=9318
DONE M=13856993 shard=747/2000 nodes=170537710 sols=0 skip_q=0 skip_num=0 skip_sieve=0 prefixes=153907908 wide=10302
DONE M=13856993 shard=748/2000 nodes=237473960 sols=0 skip_q=0 skip_num=0 skip_sieve=0 prefixes=153907908 wide=10403
DONE M=13856993 shard=749/2000 nodes=312380522 sols=0 skip_q=0 skip_num=0 skip_sieve=0 prefixes=153907908 wide=10609
DONE M=13856993 shard=750/2000 nodes=136889012 sols=0 skip_q=0 skip_num=0 skip_sieve=0 prefixes=153907908 wide=9735
DONE M=13856993 shard=751/2000 nodes=178035508 sols=0 skip_q=0 skip_num=0 skip_sieve=0 prefixes=153907908 wide=9850
DONE M=13856993 shard=752/2000 nodes=233530411 sols=0 skip_q=0 skip_num=0 skip_sieve=0 prefixes=153907908 wide=10320
DONE M=13856993 shard=753/2000 nodes=184284643 sols=0 skip_q=0 skip_num=0 skip_sieve=0 prefixes=153907908 wide=10255
DONE M=13856993 shard=754/2000 nodes=182266813 sols=0 skip_q=0 skip_num=0 skip_sieve=0 prefixes=153907908 wide=10331
DONE M=13856993 shard=755/2000 nodes=143090627 sols=0 skip_q=0 skip_num=0 skip_sieve=0 prefixes=153907908 wide=9060
DONE M=13856993 shard=756/2000 nodes=185447402 sols=0 skip_q=0 skip_num=0 skip_sieve=0 prefixes=153907908 wide=9303
DONE M=13856993 shard=757/2000 nodes=187264224 sols=0 skip_q=0 skip_num=0 skip_sieve=0 prefixes=153907908 wide=10558
DONE M=13856993 shard=758/2000 nodes=228576649 sols=0 skip_q=0 skip_num=0 skip_sieve=0 prefixes=153907908 wide=10266
DONE M=13856993 shard=759/2000 nodes=253536121 sols=0 skip_q=0 skip_num=0 skip_sieve=0 prefixes=153907908 wide=10623
DONE M=13856993 shard=760/2000 nodes=246549867 sols=0 skip_q=0 skip_num=0 skip_sieve=0 prefixes=153907908 wide=10070
DONE M=13856993 shard=761/2000 nodes=166986867 sols=0 skip_q=0 skip_num=0 skip_sieve=0 prefixes=153907908 wide=9191
DONE M=13856993 shard=762/2000 nodes=177934727 sols=0 skip_q=0 skip_num=0 skip_sieve=0 prefixes=153907908 wide=10189
DONE M=13856993 shard=763/2000 nodes=180208267 sols=0 skip_q=0 skip_num=0 skip_sieve=0 prefixes=153907908 wide=10393
DONE M=13856993 shard=764/2000 nodes=314098897 sols=0 skip_q=0 skip_num=0 skip_sieve=0 prefixes=153907908 wide=10458
DONE M=13856993 shard=765/2000 nodes=162966748 sols=0 skip_q=0 skip_num=0 skip_sieve=0 prefixes=153907908 wide=10226
DONE M=13856993 shard=766/2000 nodes=155494060 sols=0 skip_q=0 skip_num=0 skip_sieve=0 prefixes=153907908 wide=9323
DONE M=13856993 shard=767/2000 nodes=178531488 sols=0 skip_q=0 skip_num=0 skip_sieve=0 prefixes=153907908 wide=10531
DONE M=13856993 shard=768/2000 nodes=267455720 sols=0 skip_q=0 skip_num=0 skip_sieve=0 prefixes=153907908 wide=10399
DONE M=13856993 shard=769/2000 nodes=238420967 sols=0 skip_q=0 skip_num=0 skip_sieve=0 prefixes=153907908 wide=10266
DONE M=13856993 shard=770/2000 nodes=150754436 sols=0 skip_q=0 skip_num=0 skip_sieve=0 prefixes=153907908 wide=9941
DONE M=13856993 shard=771/2000 nodes=163675662 sols=0 skip_q=0 skip_num=0 skip_sieve=0 prefixes=153907908 wide=8852
DONE M=13856993 shard=772/2000 nodes=203433445 sols=0 skip_q=0 skip_num=0 skip_sieve=0 prefixes=153907908 wide=10322
DONE M=13856993 shard=773/2000 nodes=204834329 sols=0 skip_q=0 skip_num=0 skip_sieve=0 prefixes=153907908 wide=10611
DONE M=13856993 shard=774/2000 nodes=192256207 sols=0 skip_q=0 skip_num=0 skip_sieve=0 prefixes=153907908 wide=10319
DONE M=13856993 shard=775/2000 nodes=161012299 sols=0 skip_q=0 skip_num=0 skip_sieve=0 prefixes=153907908 wide=10053
DONE M=13856993 shard=776/2000 nodes=246436766 sols=0 skip_q=0 skip_num=0 skip_sieve=0 prefixes=153907908 wide=9450
DONE M=13856993 shard=777/2000 nodes=170230844 sols=0 skip_q=0 skip_num=0 skip_sieve=0 prefixes=153907908 wide=10215
DONE M=13856993 shard=778/2000 nodes=209512088 sols=0 skip_q=0 skip_num=0 skip_sieve=0 prefixes=153907908 wide=10269
DONE M=13856993 shard=779/2000 nodes=244761352 sols=0 skip_q=0 skip_num=0 skip_sieve=0 prefixes=153907908 wide=10403
DONE M=13856993 shard=780/2000 nodes=186324579 sols=0 skip_q=0 skip_num=0 skip_sieve=0 prefixes=153907908 wide=10073
DONE M=13856993 shard=781/2000 nodes=169297408 sols=0 skip_q=0 skip_num=0 skip_sieve=0 prefixes=153907908 wide=9390
DONE M=13856993 shard=782/2000 nodes=158857247 sols=0 skip_q=0 skip_num=0 skip_sieve=0 prefixes=153907908 wide=10181
DONE M=13856993 shard=783/2000 nodes=210888702 sols=0 skip_q=0 skip_num=0 skip_sieve=0 prefixes=153907908 wide=10614
DONE M=13856993 shard=784/2000 nodes=375433065 sols=0 skip_q=0 skip_num=0 skip_sieve=0 prefixes=153907908 wide=10461
DONE M=13856993 shard=785/2000 nodes=156023088 sols=0 skip_q=0 skip_num=0 skip_sieve=0 prefixes=153907908 wide=10181
DONE M=13856993 shard=786/2000 nodes=175268558 sols=0 skip_q=0 skip_num=0 skip_sieve=0 prefixes=153907908 wide=9236
DONE M=13856993 shard=787/2000 nodes=162963377 sols=0 skip_q=0 skip_num=0 skip_sieve=0 prefixes=153907908 wide=9543
DONE M=13856993 shard=788/2000 nodes=236655895 sols=0 skip_q=0 skip_num=0 skip_sieve=0 prefixes=153907908 wide=10399
DONE M=13856993 shard=789/2000 nodes=257146665 sols=0 skip_q=0 skip_num=0 skip_sieve=0 prefixes=153907908 wide=10601
DONE M=13856993 shard=790/2000 nodes=145331469 sols=0 skip_q=0 skip_num=0 skip_sieve=0 prefixes=153907908 wide=9938
DONE M=13856993 shard=791/2000 nodes=178631952 sols=0 skip_q=0 skip_num=0 skip_sieve=0 prefixes=153907908 wide=9851
DONE M=13856993 shard=792/2000 nodes=265515869 sols=0 skip_q=0 skip_num=0 skip_sieve=0 prefixes=153907908 wide=10323
DONE M=13856993 shard=793/2000 nodes=184505651 sols=0 skip_q=0 skip_num=0 skip_sieve=0 prefixes=153907908 wide=10254
DONE M=13856993 shard=794/2000 nodes=195753213 sols=0 skip_q=0 skip_num=0 skip_sieve=0 prefixes=153907908 wide=10329
DONE M=13856993 shard=795/2000 nodes=150791561 sols=0 skip_q=0 skip_num=0 skip_sieve=0 prefixes=153907908 wide=9813
DONE M=13856993 shard=796/2000 nodes=186517537 sols=0 skip_q=0 skip_num=0 skip_sieve=0 prefixes=153907908 wide=9466
DONE M=13856993 shard=797/2000 nodes=182984165 sols=0 skip_q=0 skip_num=0 skip_sieve=0 prefixes=153907908 wide=10558
DONE M=13856993 shard=798/2000 nodes=193696038 sols=0 skip_q=0 skip_num=0 skip_sieve=0 prefixes=153907908 wide=10267
DONE M=13856993 shard=799/2000 nodes=308962382 sols=0 skip_q=0 skip_num=0 skip_sieve=0 prefixes=153907908 wide=10619
DONE M=13856993 shard=800/2000 nodes=205519788 sols=0 skip_q=0 skip_num=0 skip_sieve=0 prefixes=153907908 wide=9866
DONE M=13856993 shard=801/2000 nodes=157809615 sols=0 skip_q=0 skip_num=0 skip_sieve=0 prefixes=153907908 wide=9197
DONE M=13856993 shard=802/2000 nodes=166168689 sols=0 skip_q=0 skip_num=0 skip_sieve=0 prefixes=153907908 wide=10197
DONE M=13856993 shard=803/2000 nodes=160004892 sols=0 skip_q=0 skip_num=0 skip_sieve=0 prefixes=153907908 wide=9626
DONE M=13856993 shard=804/2000 nodes=314634579 sols=0 skip_q=0 skip_num=0 skip_sieve=0 prefixes=153907908 wide=10464
DONE M=13856993 shard=805/2000 nodes=158865667 sols=0 skip_q=0 skip_num=0 skip_sieve=0 prefixes=153907908 wide=10234
DONE M=13856993 shard=806/2000 nodes=151174853 sols=0 skip_q=0 skip_num=0 skip_sieve=0 prefixes=153907908 wide=9163
DONE M=13856993 shard=807/2000 nodes=180253323 sols=0 skip_q=0 skip_num=0 skip_sieve=0 prefixes=153907908 wide=10536
DONE M=13856993 shard=808/2000 nodes=320658368 sols=0 skip_q=0 skip_num=0 skip_sieve=0 prefixes=153907908 wide=10414
DONE M=13856993 shard=809/2000 nodes=239251505 sols=0 skip_q=0 skip_num=0 skip_sieve=0 prefixes=153907908 wide=10251
DONE M=13856993 shard=810/2000 nodes=160783335 sols=0 skip_q=0 skip_num=0 skip_sieve=0 prefixes=153907908 wide=9942
DONE M=13856993 shard=811/2000 nodes=181640903 sols=0 skip_q=0 skip_num=0 skip_sieve=0 prefixes=153907908 wide=9610
DONE M=13856993 shard=812/2000 nodes=202784134 sols=0 skip_q=0 skip_num=0 skip_sieve=0 prefixes=153907908 wide=10323
DONE M=13856993 shard=813/2000 nodes=204725916 sols=0 skip_q=0 skip_num=0 skip_sieve=0 prefixes=153907908 wide=10607
DONE M=13856993 shard=814/2000 nodes=176035118 sols=0 skip_q=0 skip_num=0 skip_sieve=0 prefixes=153907908 wide=10336
DONE M=13856993 shard=815/2000 nodes=163510302 sols=0 skip_q=0 skip_num=0 skip_sieve=0 prefixes=153907908 wide=10053
DONE M=13856993 shard=816/2000 nodes=212951594 sols=0 skip_q=0 skip_num=0 skip_sieve=0 prefixes=153907908 wide=9444
DONE M=13856993 shard=817/2000 nodes=167605383 sols=0 skip_q=0 skip_num=0 skip_sieve=0 prefixes=153907908 wide=10216
DONE M=13856993 shard=818/2000 nodes=200071323 sols=0 skip_q=0 skip_num=0 skip_sieve=0 prefixes=153907908 wide=10265
DONE M=13856993 shard=819/2000 nodes=237562607 sols=0 skip_q=0 skip_num=0 skip_sieve=0 prefixes=153907908 wide=9631
DONE M=13856993 shard=820/2000 nodes=187814256 sols=0 skip_q=0 skip_num=0 skip_sieve=0 prefixes=153907908 wide=10069
DONE M=13856993 shard=821/2000 nodes=173721927 sols=0 skip_q=0 skip_num=0 skip_sieve=0 prefixes=153907908 wide=9550
DONE M=13856993 shard=822/2000 nodes=156060391 sols=0 skip_q=0 skip_num=0 skip_sieve=0 prefixes=153907908 wide=10200
DONE M=13856993 shard=823/2000 nodes=196158124 sols=0 skip_q=0 skip_num=0 skip_sieve=0 prefixes=153907908 wide=10622
DONE M=13856993 shard=824/2000 nodes=577286836 sols=0 skip_q=0 skip_num=0 skip_sieve=0 prefixes=153907908 wide=10462
DONE M=13856993 shard=825/2000 nodes=155561728 sols=0 skip_q=0 skip_num=0 skip_sieve=0 prefixes=153907908 wide=10175
DONE M=13856993 shard=826/2000 nodes=176501486 sols=0 skip_q=0 skip_num=0 skip_sieve=0 prefixes=153907908 wide=9322
DONE M=13856993 shard=827/2000 nodes=174577527 sols=0 skip_q=0 skip_num=0 skip_sieve=0 prefixes=153907908 wide=10305
DONE M=13856993 shard=828/2000 nodes=236609533 sols=0 skip_q=0 skip_num=0 skip_sieve=0 prefixes=153907908 wide=10402
DONE M=13856993 shard=829/2000 nodes=258285949 sols=0 skip_q=0 skip_num=0 skip_sieve=0 prefixes=153907908 wide=10597
DONE M=13856993 shard=830/2000 nodes=143392170 sols=0 skip_q=0 skip_num=0 skip_sieve=0 prefixes=153907908 wide=9937
DONE M=13856993 shard=831/2000 nodes=178047689 sols=0 skip_q=0 skip_num=0 skip_sieve=0 prefixes=153907908 wide=9685
DONE M=13856993 shard=832/2000 nodes=231062688 sols=0 skip_q=0 skip_num=0 skip_sieve=0 prefixes=153907908 wide=10315
DONE M=13856993 shard=833/2000 nodes=204670496 sols=0 skip_q=0 skip_num=0 skip_sieve=0 prefixes=153907908 wide=10249
DONE M=13856993 shard=834/2000 nodes=184068121 sols=0 skip_q=0 skip_num=0 skip_sieve=0 prefixes=153907908 wide=10342
DONE M=13856993 shard=835/2000 nodes=144144609 sols=0 skip_q=0 skip_num=0 skip_sieve=0 prefixes=153907908 wide=9049
DONE M=13856993 shard=836/2000 nodes=187690273 sols=0 skip_q=0 skip_num=0 skip_sieve=0 prefixes=153907908 wide=9358
DONE M=13856993 shard=837/2000 nodes=182971061 sols=0 skip_q=0 skip_num=0 skip_sieve=0 prefixes=153907908 wide=10577
DONE M=13856993 shard=838/2000 nodes=190588311 sols=0 skip_q=0 skip_num=0 skip_sieve=0 prefixes=153907908 wide=10285
DONE M=13856993 shard=839/2000 nodes=253867503 sols=0 skip_q=0 skip_num=0 skip_sieve=0 prefixes=153907908 wide=10644
DONE M=13856993 shard=840/2000 nodes=250886758 sols=0 skip_q=0 skip_num=0 skip_sieve=0 prefixes=153907908 wide=10074
DONE M=13856993 shard=841/2000 nodes=156973395 sols=0 skip_q=0 skip_num=0 skip_sieve=0 prefixes=153907908 wide=9201
DONE M=13856993 shard=842/2000 nodes=181940950 sols=0 skip_q=0 skip_num=0 skip_sieve=0 prefixes=153907908 wide=10189
DONE M=13856993 shard=843/2000 nodes=180687267 sols=0 skip_q=0 skip_num=0 skip_sieve=0 prefixes=153907908 wide=10401
DONE M=13856993 shard=844/2000 nodes=314818905 sols=0 skip_q=0 skip_num=0 skip_sieve=0 prefixes=153907908 wide=10467
DONE M=13856993 shard=845/2000 nodes=162798479 sols=0 skip_q=0 skip_num=0 skip_sieve=0 prefixes=153907908 wide=10228
DONE M=13856993 shard=846/2000 nodes=154692478 sols=0 skip_q=0 skip_num=0 skip_sieve=0 prefixes=153907908 wide=9319
DONE M=13856993 shard=847/2000 nodes=176434113 sols=0 skip_q=0 skip_num=0 skip_sieve=0 prefixes=153907908 wide=10535
DONE M=13856993 shard=848/2000 nodes=265835693 sols=0 skip_q=0 skip_num=0 skip_sieve=0 prefixes=153907908 wide=10398
DONE M=13856993 shard=849/2000 nodes=330228747 sols=0 skip_q=0 skip_num=0 skip_sieve=0 prefixes=153907908 wide=10255
DONE M=13856993 shard=850/2000 nodes=143497739 sols=0 skip_q=0 skip_num=0 skip_sieve=0 prefixes=153907908 wide=9732
DONE M=13856993 shard=851/2000 nodes=162380499 sols=0 skip_q=0 skip_num=0 skip_sieve=0 prefixes=153907908 wide=8853
DONE M=13856993 shard=852/2000 nodes=207196180 sols=0 skip_q=0 skip_num=0 skip_sieve=0 prefixes=153907908 wide=10313
DONE M=13856993 shard=853/2000 nodes=204772727 sols=0 skip_q=0 skip_num=0 skip_sieve=0 prefixes=153907908 wide=10613
DONE M=13856993 shard=854/2000 nodes=176940486 sols=0 skip_q=0 skip_num=0 skip_sieve=0 prefixes=153907908 wide=10335
DONE M=13856993 shard=855/2000 nodes=162004949 sols=0 skip_q=0 skip_num=0 skip_sieve=0 prefixes=153907908 wide=10034
DONE M=13856993 shard=856/2000 nodes=244316432 sols=0 skip_q=0 skip_num=0 skip_sieve=0 prefixes=153907908 wide=9292
DONE M=13856993 shard=857/2000 nodes=167554611 sols=0 skip_q=0 skip_num=0 skip_sieve=0 prefixes=153907908 wide=10220
DONE M=13856993 shard=858/2000 nodes=233720420 sols=0 skip_q=0 skip_num=0 skip_sieve=0 prefixes=153907908 wide=10267
DONE M=13856993 shard=859/2000 nodes=247056433 sols=0 skip_q=0 skip_num=0 skip_sieve=0 prefixes=153907908 wide=10391
DONE M=13856993 shard=860/2000 nodes=187006926 sols=0 skip_q=0 skip_num=0 skip_sieve=0 prefixes=153907908 wide=10072
DONE M=13856993 shard=861/2000 nodes=184139758 sols=0 skip_q=0 skip_num=0 skip_sieve=0 prefixes=153907908 wide=9547
DONE M=13856993 shard=862/2000 nodes=158059040 sols=0 skip_q=0 skip_num=0 skip_sieve=0 prefixes=153907908 wide=10183
DONE M=13856993 shard=863/2000 nodes=194400648 sols=0 skip_q=0 skip_num=0 skip_sieve=0 prefixes=153907908 wide=10618
DONE M=13856993 shard=864/2000 nodes=375903381 sols=0 skip_q=0 skip_num=0 skip_sieve=0 prefixes=153907908 wide=10464
DONE M=13856993 shard=865/2000 nodes=156123762 sols=0 skip_q=0 skip_num=0 skip_sieve=0 prefixes=153907908 wide=10175
DONE M=13856993 shard=866/2000 nodes=163848861 sols=0 skip_q=0 skip_num=0 skip_sieve=0 prefixes=153907908 wide=9316
DONE M=13856993 shard=867/2000 nodes=163484223 sols=0 skip_q=0 skip_num=0 skip_sieve=0 prefixes=153907908 wide=9537
DONE M=13856993 shard=868/2000 nodes=237968355 sols=0 skip_q=0 skip_num=0 skip_sieve=0 prefixes=153907908 wide=10401
DONE M=13856993 shard=869/2000 nodes=256613574 sols=0 skip_q=0 skip_num=0 skip_sieve=0 prefixes=153907908 wide=10610
DONE M=13856993 shard=870/2000 nodes=142408697 sols=0 skip_q=0 skip_num=0 skip_sieve=0 prefixes=153907908 wide=9938
DONE M=13856993 shard=871/2000 nodes=177110457 sols=0 skip_q=0 skip_num=0 skip_sieve=0 prefixes=153907908 wide=9844
DONE M=13856993 shard=872/2000 nodes=265247377 sols=0 skip_q=0 skip_num=0 skip_sieve=0 prefixes=153907908 wide=10320
DONE M=13856993 shard=873/2000 nodes=185288362 sols=0 skip_q=0 skip_num=0 skip_sieve=0 prefixes=153907908 wide=10251
DONE M=13856993 shard=874/2000 nodes=209830903 sols=0 skip_q=0 skip_num=0 skip_sieve=0 prefixes=153907908 wide=10319
DONE M=13856993 shard=875/2000 nodes=150294552 sols=0 skip_q=0 skip_num=0 skip_sieve=0 prefixes=153907908 wide=9826
DONE M=13856993 shard=876/2000 nodes=187082528 sols=0 skip_q=0 skip_num=0 skip_sieve=0 prefixes=153907908 wide=9447
DONE M=13856993 shard=877/2000 nodes=186715191 sols=0 skip_q=0 skip_num=0 skip_sieve=0 prefixes=153907908 wide=10563
DONE M=13856993 shard=878/2000 nodes=192151673 sols=0 skip_q=0 skip_num=0 skip_sieve=0 prefixes=153907908 wide=10266
DONE M=13856993 shard=879/2000 nodes=251869716 sols=0 skip_q=0 skip_num=0 skip_sieve=0 prefixes=153907908 wide=10628
DONE M=13856993 shard=880/2000 nodes=213130861 sols=0 skip_q=0 skip_num=0 skip_sieve=0 prefixes=153907908 wide=10075
DONE M=13856993 shard=881/2000 nodes=155573433 sols=0 skip_q=0 skip_num=0 skip_sieve=0 prefixes=153907908 wide=9047
DONE M=13856993 shard=882/2000 nodes=165072367 sols=0 skip_q=0 skip_num=0 skip_sieve=0 prefixes=153907908 wide=10181
DONE M=13856993 shard=883/2000 nodes=164773656 sols=0 skip_q=0 skip_num=0 skip_sieve=0 prefixes=153907908 wide=9630
DONE M=13856993 shard=884/2000 nodes=314765961 sols=0 skip_q=0 skip_num=0 skip_sieve=0 prefixes=153907908 wide=10461
DONE M=13856993 shard=885/2000 nodes=160150042 sols=0 skip_q=0 skip_num=0 skip_sieve=0 prefixes=153907908 wide=10224
DONE M=13856993 shard=886/2000 nodes=163811025 sols=0 skip_q=0 skip_num=0 skip_sieve=0 prefixes=153907908 wide=9230
DONE M=13856993 shard=887/2000 nodes=176435329 sols=0 skip_q=0 skip_num=0 skip_sieve=0 prefixes=153907908 wide=10524
DONE M=13856993 shard=888/2000 nodes=295550412 sols=0 skip_q=0 skip_num=0 skip_sieve=0 prefixes=153907908 wide=10410
DONE M=13856993 shard=889/2000 nodes=240624609 sols=0 skip_q=0 skip_num=0 skip_sieve=0 prefixes=153907908 wide=10249
DONE M=13856993 shard=890/2000 nodes=164304982 sols=0 skip_q=0 skip_num=0 skip_sieve=0 prefixes=153907908 wide=9936
DONE M=13856993 shard=891/2000 nodes=172678200 sols=0 skip_q=0 skip_num=0 skip_sieve=0 prefixes=153907908 wide=9605
DONE M=13856993 shard=892/2000 nodes=203613652 sols=0 skip_q=0 skip_num=0 skip_sieve=0 prefixes=153907908 wide=10327
DONE M=13856993 shard=893/2000 nodes=203613893 sols=0 skip_q=0 skip_num=0 skip_sieve=0 prefixes=153907908 wide=10601
DONE M=13856993 shard=894/2000 nodes=176250220 sols=0 skip_q=0 skip_num=0 skip_sieve=0 prefixes=153907908 wide=10328
DONE M=13856993 shard=895/2000 nodes=158372469 sols=0 skip_q=0 skip_num=0 skip_sieve=0 prefixes=153907908 wide=10049
DONE M=13856993 shard=896/2000 nodes=213491800 sols=0 skip_q=0 skip_num=0 skip_sieve=0 prefixes=153907908 wide=9453
DONE M=13856993 shard=897/2000 nodes=165466510 sols=0 skip_q=0 skip_num=0 skip_sieve=0 prefixes=153907908 wide=10219
DONE M=13856993 shard=898/2000 nodes=199627280 sols=0 skip_q=0 skip_num=0 skip_sieve=0 prefixes=153907908 wide=10266
DONE M=13856993 shard=899/2000 nodes=292028512 sols=0 skip_q=0 skip_num=0 skip_sieve=0 prefixes=153907908 wide=9633
DONE M=13856993 shard=900/2000 nodes=182146269 sols=0 skip_q=0 skip_num=0 skip_sieve=0 prefixes=153907908 wide=9863
DONE M=13856993 shard=901/2000 nodes=172811268 sols=0 skip_q=0 skip_num=0 skip_sieve=0 prefixes=153907908 wide=9548
DONE M=13856993 shard=902/2000 nodes=159094174 sols=0 skip_q=0 skip_num=0 skip_sieve=0 prefixes=153907908 wide=10193
DONE M=13856993 shard=903/2000 nodes=194305576 sols=0 skip_q=0 skip_num=0 skip_sieve=0 prefixes=153907908 wide=10624
DONE M=13856993 shard=904/2000 nodes=454769918 sols=0 skip_q=0 skip_num=0 skip_sieve=0 prefixes=153907908 wide=10467
DONE M=13856993 shard=905/2000 nodes=155413325 sols=0 skip_q=0 skip_num=0 skip_sieve=0 prefixes=153907908 wide=10177
DONE M=13856993 shard=906/2000 nodes=171824985 sols=0 skip_q=0 skip_num=0 skip_sieve=0 prefixes=153907908 wide=9159
DONE M=13856993 shard=907/2000 nodes=173282572 sols=0 skip_q=0 skip_num=0 skip_sieve=0 prefixes=153907908 wide=10305
DONE M=13856993 shard=908/2000 nodes=258994935 sols=0 skip_q=0 skip_num=0 skip_sieve=0 prefixes=153907908 wide=10401
DONE M=13856993 shard=909/2000 nodes=257974720 sols=0 skip_q=0 skip_num=0 skip_sieve=0 prefixes=153907908 wide=10593
DONE M=13856993 shard=910/2000 nodes=141853353 sols=0 skip_q=0 skip_num=0 skip_sieve=0 prefixes=153907908 wide=9927
DONE M=13856993 shard=911/2000 nodes=187909046 sols=0 skip_q=0 skip_num=0 skip_sieve=0 prefixes=153907908 wide=9844
DONE M=13856993 shard=912/2000 nodes=228650168 sols=0 skip_q=0 skip_num=0 skip_sieve=0 prefixes=153907908 wide=10319
DONE M=13856993 shard=913/2000 nodes=184140221 sols=0 skip_q=0 skip_num=0 skip_sieve=0 prefixes=153907908 wide=10259
DONE M=13856993 shard=914/2000 nodes=182893495 sols=0 skip_q=0 skip_num=0 skip_sieve=0 prefixes=153907908 wide=10334
DONE M=13856993 shard=915/2000 nodes=145458005 sols=0 skip_q=0 skip_num=0 skip_sieve=0 prefixes=153907908 wide=9053
DONE M=13856993 shard=916/2000 nodes=188786321 sols=0 skip_q=0 skip_num=0 skip_sieve=0 prefixes=153907908 wide=9453
DONE M=13856993 shard=917/2000 nodes=183493881 sols=0 skip_q=0 skip_num=0 skip_sieve=0 prefixes=153907908 wide=10564
DONE M=13856993 shard=918/2000 nodes=192285836 sols=0 skip_q=0 skip_num=0 skip_sieve=0 prefixes=153907908 wide=10268
DONE M=13856993 shard=919/2000 nodes=253124707 sols=0 skip_q=0 skip_num=0 skip_sieve=0 prefixes=153907908 wide=10606
DONE M=13856993 shard=920/2000 nodes=247791697 sols=0 skip_q=0 skip_num=0 skip_sieve=0 prefixes=153907908 wide=10067
DONE M=13856993 shard=921/2000 nodes=156364191 sols=0 skip_q=0 skip_num=0 skip_sieve=0 prefixes=153907908 wide=9193
DONE M=13856993 shard=922/2000 nodes=177057610 sols=0 skip_q=0 skip_num=0 skip_sieve=0 prefixes=153907908 wide=10188
DONE M=13856993 shard=923/2000 nodes=180449817 sols=0 skip_q=0 skip_num=0 skip_sieve=0 prefixes=153907908 wide=10388
DONE M=13856993 shard=924/2000 nodes=391296596 sols=0 skip_q=0 skip_num=0 skip_sieve=0 prefixes=153907908 wide=10459
DONE M=13856993 shard=925/2000 nodes=161407342 sols=0 skip_q=0 skip_num=0 skip_sieve=0 prefixes=153907908 wide=10233
DONE M=13856993 shard=926/2000 nodes=152862495 sols=0 skip_q=0 skip_num=0 skip_sieve=0 prefixes=153907908 wide=9318
DONE M=13856993 shard=927/2000 nodes=181433741 sols=0 skip_q=0 skip_num=0 skip_sieve=0 prefixes=153907908 wide=10526
DONE M=13856993 shard=928/2000 nodes=263779054 sols=0 skip_q=0 skip_num=0 skip_sieve=0 prefixes=153907908 wide=10411
DONE M=13856993 shard=929/2000 nodes=239543630 sols=0 skip_q=0 skip_num=0 skip_sieve=0 prefixes=153907908 wide=10246
DONE M=13856993 shard=930/2000 nodes=148364129 sols=0 skip_q=0 skip_num=0 skip_sieve=0 prefixes=153907908 wide=9947
DONE M=13856993 shard=931/2000 nodes=162170007 sols=0 skip_q=0 skip_num=0 skip_sieve=0 prefixes=153907908 wide=8676
DONE M=13856993 shard=932/2000 nodes=203339830 sols=0 skip_q=0 skip_num=0 skip_sieve=0 prefixes=153907908 wide=10319
DONE M=13856993 shard=933/2000 nodes=224745511 sols=0 skip_q=0 skip_num=0 skip_sieve=0 prefixes=153907908 wide=10606
DONE M=13856993 shard=934/2000 nodes=177088493 sols=0 skip_q=0 skip_num=0 skip_sieve=0 prefixes=153907908 wide=10339
DONE M=13856993 shard=935/2000 nodes=161741354 sols=0 skip_q=0 skip_num=0 skip_sieve=0 prefixes=153907908 wide=10040
DONE M=13856993 shard=936/2000 nodes=247289261 sols=0 skip_q=0 skip_num=0 skip_sieve=0 prefixes=153907908 wide=9349
DONE M=13856993 shard=937/2000 nodes=166336039 sols=0 skip_q=0 skip_num=0 skip_sieve=0 prefixes=153907908 wide=10220
DONE M=13856993 shard=938/2000 nodes=208977340 sols=0 skip_q=0 skip_num=0 skip_sieve=0 prefixes=153907908 wide=10277
DONE M=13856993 shard=939/2000 nodes=246720604 sols=0 skip_q=0 skip_num=0 skip_sieve=0 prefixes=153907908 wide=10393
DONE M=13856993 shard=940/2000 nodes=189574157 sols=0 skip_q=0 skip_num=0 skip_sieve=0 prefixes=153907908 wide=10066
DONE M=13856993 shard=941/2000 nodes=169584472 sols=0 skip_q=0 skip_num=0 skip_sieve=0 prefixes=153907908 wide=9549
DONE M=13856993 shard=942/2000 nodes=160154781 sols=0 skip_q=0 skip_num=0 skip_sieve=0 prefixes=153907908 wide=10188
DONE M=13856993 shard=943/2000 nodes=194647058 sols=0 skip_q=0 skip_num=0 skip_sieve=0 prefixes=153907908 wide=10615
DONE M=13856993 shard=944/2000 nodes=374571066 sols=0 skip_q=0 skip_num=0 skip_sieve=0 prefixes=153907908 wide=10470
DONE M=13856993 shard=945/2000 nodes=154318743 sols=0 skip_q=0 skip_num=0 skip_sieve=0 prefixes=153907908 wide=10156
DONE M=13856993 shard=946/2000 nodes=163152423 sols=0 skip_q=0 skip_num=0 skip_sieve=0 prefixes=153907908 wide=9319
DONE M=13856993 shard=947/2000 nodes=161009471 sols=0 skip_q=0 skip_num=0 skip_sieve=0 prefixes=153907908 wide=9535
DONE M=13856993 shard=948/2000 nodes=236961285 sols=0 skip_q=0 skip_num=0 skip_sieve=0 prefixes=153907908 wide=10410
DONE M=13856993 shard=949/2000 nodes=313358059 sols=0 skip_q=0 skip_num=0 skip_sieve=0 prefixes=153907908 wide=10602
DONE M=13856993 shard=950/2000 nodes=136279547 sols=0 skip_q=0 skip_num=0 skip_sieve=0 prefixes=153907908 wide=9740
DONE M=13856993 shard=951/2000 nodes=178317572 sols=0 skip_q=0 skip_num=0 skip_sieve=0 prefixes=153907908 wide=9845
DONE M=13856993 shard=952/2000 nodes=269216052 sols=0 skip_q=0 skip_num=0 skip_sieve=0 prefixes=153907908 wide=10310
DONE M=13856993 shard=953/2000 nodes=186312572 sols=0 skip_q=0 skip_num=0 skip_sieve=0 prefixes=153907908 wide=10260
DONE M=13856993 shard=954/2000 nodes=194907284 sols=0 skip_q=0 skip_num=0 skip_sieve=0 prefixes=153907908 wide=10334
DONE M=13856993 shard=955/2000 nodes=151652360 sols=0 skip_q=0 skip_num=0 skip_sieve=0 prefixes=153907908 wide=9825
DONE M=13856993 shard=956/2000 nodes=184472469 sols=0 skip_q=0 skip_num=0 skip_sieve=0 prefixes=153907908 wide=9293
DONE M=13856993 shard=957/2000 nodes=186475340 sols=0 skip_q=0 skip_num=0 skip_sieve=0 prefixes=153907908 wide=10566
DONE M=13856993 shard=958/2000 nodes=215558802 sols=0 skip_q=0 skip_num=0 skip_sieve=0 prefixes=153907908 wide=10277
DONE M=13856993 shard=959/2000 nodes=252520824 sols=0 skip_q=0 skip_num=0 skip_sieve=0 prefixes=153907908 wide=10609
DONE M=13856993 shard=960/2000 nodes=213668098 sols=0 skip_q=0 skip_num=0 skip_sieve=0 prefixes=153907908 wide=10069
DONE M=13856993 shard=961/2000 nodes=166384128 sols=0 skip_q=0 skip_num=0 skip_sieve=0 prefixes=153907908 wide=9194
DONE M=13856993 shard=962/2000 nodes=164315924 sols=0 skip_q=0 skip_num=0 skip_sieve=0 prefixes=153907908 wide=10196
DONE M=13856993 shard=963/2000 nodes=158728966 sols=0 skip_q=0 skip_num=0 skip_sieve=0 prefixes=153907908 wide=9636
DONE M=13856993 shard=964/2000 nodes=314208654 sols=0 skip_q=0 skip_num=0 skip_sieve=0 prefixes=153907908 wide=10473
DONE M=13856993 shard=965/2000 nodes=158762417 sols=0 skip_q=0 skip_num=0 skip_sieve=0 prefixes=153907908 wide=10235
DONE M=13856993 shard=966/2000 nodes=153440583 sols=0 skip_q=0 skip_num=0 skip_sieve=0 prefixes=153907908 wide=9317
DONE M=13856993 shard=967/2000 nodes=179524558 sols=0 skip_q=0 skip_num=0 skip_sieve=0 prefixes=153907908 wide=10533
DONE M=13856993 shard=968/2000 nodes=299196172 sols=0 skip_q=0 skip_num=0 skip_sieve=0 prefixes=153907908 wide=10398
DONE M=13856993 shard=969/2000 nodes=239065918 sols=0 skip_q=0 skip_num=0 skip_sieve=0 prefixes=153907908 wide=10257
DONE M=13856993 shard=970/2000 nodes=161894396 sols=0 skip_q=0 skip_num=0 skip_sieve=0 prefixes=153907908 wide=9939
DONE M=13856993 shard=971/2000 nodes=172431451 sols=0 skip_q=0 skip_num=0 skip_sieve=0 prefixes=153907908 wide=9629
DONE M=13856993 shard=972/2000 nodes=201804052 sols=0 skip_q=0 skip_num=0 skip_sieve=0 prefixes=153907908 wide=10317
DONE M=13856993 shard=973/2000 nodes=205060135 sols=0 skip_q=0 skip_num=0 skip_sieve=0 prefixes=153907908 wide=10612
DONE M=13856993 shard=974/2000 nodes=204628978 sols=0 skip_q=0 skip_num=0 skip_sieve=0 prefixes=153907908 wide=10335
DONE M=13856993 shard=975/2000 nodes=159460351 sols=0 skip_q=0 skip_num=0 skip_sieve=0 prefixes=153907908 wide=10044
DONE M=13856993 shard=976/2000 nodes=211411166 sols=0 skip_q=0 skip_num=0 skip_sieve=0 prefixes=153907908 wide=9450
DONE M=13856993 shard=977/2000 nodes=171079750 sols=0 skip_q=0 skip_num=0 skip_sieve=0 prefixes=153907908 wide=10224
DONE M=13856993 shard=978/2000 nodes=197162115 sols=0 skip_q=0 skip_num=0 skip_sieve=0 prefixes=153907908 wide=10268
DONE M=13856993 shard=979/2000 nodes=236545254 sols=0 skip_q=0 skip_num=0 skip_sieve=0 prefixes=153907908 wide=9634
DONE M=13856993 shard=980/2000 nodes=187296983 sols=0 skip_q=0 skip_num=0 skip_sieve=0 prefixes=153907908 wide=10074
DONE M=13856993 shard=981/2000 nodes=171741655 sols=0 skip_q=0 skip_num=0 skip_sieve=0 prefixes=153907908 wide=9378
DONE M=13856993 shard=982/2000 nodes=157686718 sols=0 skip_q=0 skip_num=0 skip_sieve=0 prefixes=153907908 wide=10175
DONE M=13856993 shard=983/2000 nodes=211241367 sols=0 skip_q=0 skip_num=0 skip_sieve=0 prefixes=153907908 wide=10617
DONE M=13856993 shard=984/2000 nodes=454976964 sols=0 skip_q=0 skip_num=0 skip_sieve=0 prefixes=153907908 wide=10467
DONE M=13856993 shard=985/2000 nodes=154875173 sols=0 skip_q=0 skip_num=0 skip_sieve=0 prefixes=153907908 wide=10174
DONE M=13856993 shard=986/2000 nodes=200826012 sols=0 skip_q=0 skip_num=0 skip_sieve=0 prefixes=153907908 wide=9235
DONE M=13856993 shard=987/2000 nodes=170306707 sols=0 skip_q=0 skip_num=0 skip_sieve=0 prefixes=153907908 wide=10305
DONE M=13856993 shard=988/2000 nodes=235580427 sols=0 skip_q=0 skip_num=0 skip_sieve=0 prefixes=153907908 wide=10388
DONE M=13856993 shard=989/2000 nodes=258060881 sols=0 skip_q=0 skip_num=0 skip_sieve=0 prefixes=153907908 wide=10613
DONE M=13856993 shard=990/2000 nodes=143944485 sols=0 skip_q=0 skip_num=0 skip_sieve=0 prefixes=153907908 wide=9923
DONE M=13856993 shard=991/2000 nodes=179386189 sols=0 skip_q=0 skip_num=0 skip_sieve=0 prefixes=153907908 wide=9844
DONE M=13856993 shard=992/2000 nodes=227796078 sols=0 skip_q=0 skip_num=0 skip_sieve=0 prefixes=153907908 wide=10321
DONE M=13856993 shard=993/2000 nodes=184200494 sols=0 skip_q=0 skip_num=0 skip_sieve=0 prefixes=153907908 wide=10250
DONE M=13856993 shard=994/2000 nodes=183009511 sols=0 skip_q=0 skip_num=0 skip_sieve=0 prefixes=153907908 wide=10333
DONE M=13856993 shard=995/2000 nodes=143588130 sols=0 skip_q=0 skip_num=0 skip_sieve=0 prefixes=153907908 wide=9061
DONE M=13856993 shard=996/2000 nodes=186984790 sols=0 skip_q=0 skip_num=0 skip_sieve=0 prefixes=153907908 wide=9455
DONE M=13856993 shard=997/2000 nodes=182690863 sols=0 skip_q=0 skip_num=0 skip_sieve=0 prefixes=153907908 wide=10570
DONE M=13856993 shard=998/2000 nodes=191481597 sols=0 skip_q=0 skip_num=0 skip_sieve=0 prefixes=153907908 wide=10263
DONE M=13856993 shard=999/2000 nodes=307710803 sols=0 skip_q=0 skip_num=0 skip_sieve=0 prefixes=153907908 wide=10621
DONE M=13856993 shard=1000/2000 nodes=241087426 sols=0 skip_q=0 skip_num=0 skip_sieve=0 prefixes=153907908 wide=9868
DONE M=13856993 shard=1001/2000 nodes=157032161 sols=0 skip_q=0 skip_num=0 skip_sieve=0 prefixes=153907908 wide=9198
DONE M=13856993 shard=1002/2000 nodes=178698483 sols=0 skip_q=0 skip_num=0 skip_sieve=0 prefixes=153907908 wide=10184
DONE M=13856993 shard=1003/2000 nodes=179946933 sols=0 skip_q=0 skip_num=0 skip_sieve=0 prefixes=153907908 wide=10390
DONE M=13856993 shard=1004/2000 nodes=315560005 sols=0 skip_q=0 skip_num=0 skip_sieve=0 prefixes=153907908 wide=10470
DONE M=13856993 shard=1005/2000 nodes=162077572 sols=0 skip_q=0 skip_num=0 skip_sieve=0 prefixes=153907908 wide=10239
DONE M=13856993 shard=1006/2000 nodes=151211967 sols=0 skip_q=0 skip_num=0 skip_sieve=0 prefixes=153907908 wide=9163
DONE M=13856993 shard=1007/2000 nodes=180253877 sols=0 skip_q=0 skip_num=0 skip_sieve=0 prefixes=153907908 wide=10540
DONE M=13856993 shard=1008/2000 nodes=300753913 sols=0 skip_q=0 skip_num=0 skip_sieve=0 prefixes=153907908 wide=10396
DONE M=13856993 shard=1009/2000 nodes=238827519 sols=0 skip_q=0 skip_num=0 skip_sieve=0 prefixes=153907908 wide=10253
DONE M=13856993 shard=1010/2000 nodes=149668913 sols=0 skip_q=0 skip_num=0 skip_sieve=0 prefixes=153907908 wide=9921
DONE M=13856993 shard=1011/2000 nodes=172241502 sols=0 skip_q=0 skip_num=0 skip_sieve=0 prefixes=153907908 wide=8844
DONE M=13856993 shard=1012/2000 nodes=201603689 sols=0 skip_q=0 skip_num=0 skip_sieve=0 prefixes=153907908 wide=10328
DONE M=13856993 shard=1013/2000 nodes=203465865 sols=0 skip_q=0 skip_num=0 skip_sieve=0 prefixes=153907908 wide=10605
DONE M=13856993 shard=1014/2000 nodes=175960314 sols=0 skip_q=0 skip_num=0 skip_sieve=0 prefixes=153907908 wide=10331
DONE M=13856993 shard=1015/2000 nodes=168042744 sols=0 skip_q=0 skip_num=0 skip_sieve=0 prefixes=153907908 wide=10049
DONE M=13856993 shard=1016/2000 nodes=246954352 sols=0 skip_q=0 skip_num=0 skip_sieve=0 prefixes=153907908 wide=9456
DONE M=13856993 shard=1017/2000 nodes=168786515 sols=0 skip_q=0 skip_num=0 skip_sieve=0 prefixes=153907908 wide=10216
DONE M=13856993 shard=1018/2000 nodes=210046410 sols=0 skip_q=0 skip_num=0 skip_sieve=0 prefixes=153907908 wide=10279
DONE M=13856993 shard=1019/2000 nodes=245826930 sols=0 skip_q=0 skip_num=0 skip_sieve=0 prefixes=153907908 wide=10394
DONE M=13856993 shard=1020/2000 nodes=186617313 sols=0 skip_q=0 skip_num=0 skip_sieve=0 prefixes=153907908 wide=10064
DONE M=13856993 shard=1021/2000 nodes=169958133 sols=0 skip_q=0 skip_num=0 skip_sieve=0 prefixes=153907908 wide=9553
DONE M=13856993 shard=1022/2000 nodes=158415933 sols=0 skip_q=0 skip_num=0 skip_sieve=0 prefixes=153907908 wide=10203
DONE M=13856993 shard=1023/2000 nodes=194205153 sols=0 skip_q=0 skip_num=0 skip_sieve=0 prefixes=153907908 wide=10613
DONE M=13856993 shard=1024/2000 nodes=472714694 sols=0 skip_q=0 skip_num=0 skip_sieve=0 prefixes=153907908 wide=10468
DONE M=13856993 shard=1025/2000 nodes=154537092 sols=0 skip_q=0 skip_num=0 skip_sieve=0 prefixes=153907908 wide=10173
DONE M=13856993 shard=1026/2000 nodes=161609237 sols=0 skip_q=0 skip_num=0 skip_sieve=0 prefixes=153907908 wide=9320
DONE M=13856993 shard=1027/2000 nodes=165712950 sols=0 skip_q=0 skip_num=0 skip_sieve=0 prefixes=153907908 wide=9537
DONE M=13856993 shard=1028/2000 nodes=237009059 sols=0 skip_q=0 skip_num=0 skip_sieve=0 prefixes=153907908 wide=10402
DONE M=13856993 shard=1029/2000 nodes=256811857 sols=0 skip_q=0 skip_num=0 skip_sieve=0 prefixes=153907908 wide=10594
DONE M=13856993 shard=1030/2000 nodes=142416542 sols=0 skip_q=0 skip_num=0 skip_sieve=0 prefixes=153907908 wide=9936
DONE M=13856993 shard=1031/2000 nodes=177604136 sols=0 skip_q=0 skip_num=0 skip_sieve=0 prefixes=153907908 wide=9691
DONE M=13856993 shard=1032/2000 nodes=267096780 sols=0 skip_q=0 skip_num=0 skip_sieve=0 prefixes=153907908 wide=10325
DONE M=13856993 shard=1033/2000 nodes=206065983 sols=0 skip_q=0 skip_num=0 skip_sieve=0 prefixes=153907908 wide=10246
DONE M=13856993 shard=1034/2000 nodes=195237055 sols=0 skip_q=0 skip_num=0 skip_sieve=0 prefixes=153907908 wide=10332
DONE M=13856993 shard=1035/2000 nodes=151483316 sols=0 skip_q=0 skip_num=0 skip_sieve=0 prefixes=153907908 wide=9819
DONE M=13856993 shard=1036/2000 nodes=187662612 sols=0 skip_q=0 skip_num=0 skip_sieve=0 prefixes=153907908 wide=9354
DONE M=13856993 shard=1037/2000 nodes=183609259 sols=0 skip_q=0 skip_num=0 skip_sieve=0 prefixes=153907908 wide=10576
DONE M=13856993 shard=1038/2000 nodes=192005135 sols=0 skip_q=0 skip_num=0 skip_sieve=0 prefixes=153907908 wide=10277
DONE M=13856993 shard=1039/2000 nodes=254432405 sols=0 skip_q=0 skip_num=0 skip_sieve=0 prefixes=153907908 wide=10619
DONE M=13856993 shard=1040/2000 nodes=215466541 sols=0 skip_q=0 skip_num=0 skip_sieve=0 prefixes=153907908 wide=10068
DONE M=13856993 shard=1041/2000 nodes=157468909 sols=0 skip_q=0 skip_num=0 skip_sieve=0 prefixes=153907908 wide=9200
DONE M=13856993 shard=1042/2000 nodes=167366020 sols=0 skip_q=0 skip_num=0 skip_sieve=0 prefixes=153907908 wide=10188
DONE M=13856993 shard=1043/2000 nodes=160731205 sols=0 skip_q=0 skip_num=0 skip_sieve=0 prefixes=153907908 wide=9620
DONE M=13856993 shard=1044/2000 nodes=313904141 sols=0 skip_q=0 skip_num=0 skip_sieve=0 prefixes=153907908 wide=10453
DONE M=13856993 shard=1045/2000 nodes=157854440 sols=0 skip_q=0 skip_num=0 skip_sieve=0 prefixes=153907908 wide=10221
DONE M=13856993 shard=1046/2000 nodes=153246799 sols=0 skip_q=0 skip_num=0 skip_sieve=0 prefixes=153907908 wide=9317
DONE M=13856993 shard=1047/2000 nodes=176585902 sols=0 skip_q=0 skip_num=0 skip_sieve=0 prefixes=153907908 wide=10535
DONE M=13856993 shard=1048/2000 nodes=298605952 sols=0 skip_q=0 skip_num=0 skip_sieve=0 prefixes=153907908 wide=10411
DONE M=13856993 shard=1049/2000 nodes=294779480 sols=0 skip_q=0 skip_num=0 skip_sieve=0 prefixes=153907908 wide=10252
DONE M=13856993 shard=1050/2000 nodes=155017273 sols=0 skip_q=0 skip_num=0 skip_sieve=0 prefixes=153907908 wide=9738
DONE M=13856993 shard=1051/2000 nodes=171176513 sols=0 skip_q=0 skip_num=0 skip_sieve=0 prefixes=153907908 wide=9621
DONE M=13856993 shard=1052/2000 nodes=206422890 sols=0 skip_q=0 skip_num=0 skip_sieve=0 prefixes=153907908 wide=10321
DONE M=13856993 shard=1053/2000 nodes=204390791 sols=0 skip_q=0 skip_num=0 skip_sieve=0 prefixes=153907908 wide=10600
DONE M=13856993 shard=1054/2000 nodes=178677594 sols=0 skip_q=0 skip_num=0 skip_sieve=0 prefixes=153907908 wide=10339
DONE M=13856993 shard=1055/2000 nodes=158485440 sols=0 skip_q=0 skip_num=0 skip_sieve=0 prefixes=153907908 wide=10036
DONE M=13856993 shard=1056/2000 nodes=210090009 sols=0 skip_q=0 skip_num=0 skip_sieve=0 prefixes=153907908 wide=9286
DONE M=13856993 shard=1057/2000 nodes=166813984 sols=0 skip_q=0 skip_num=0 skip_sieve=0 prefixes=153907908 wide=10205
DONE M=13856993 shard=1058/2000 nodes=221301578 sols=0 skip_q=0 skip_num=0 skip_sieve=0 prefixes=153907908 wide=10271
DONE M=13856993 shard=1059/2000 nodes=236846366 sols=0 skip_q=0 skip_num=0 skip_sieve=0 prefixes=153907908 wide=9619
DONE M=13856993 shard=1060/2000 nodes=187787051 sols=0 skip_q=0 skip_num=0 skip_sieve=0 prefixes=153907908 wide=10068
DONE M=13856993 shard=1061/2000 nodes=182964258 sols=0 skip_q=0 skip_num=0 skip_sieve=0 prefixes=153907908 wide=9542
DONE M=13856993 shard=1062/2000 nodes=155489992 sols=0 skip_q=0 skip_num=0 skip_sieve=0 prefixes=153907908 wide=10179
DONE M=13856993 shard=1063/2000 nodes=195175488 sols=0 skip_q=0 skip_num=0 skip_sieve=0 prefixes=153907908 wide=10619
DONE M=13856993 shard=1064/2000 nodes=453399528 sols=0 skip_q=0 skip_num=0 skip_sieve=0 prefixes=153907908 wide=10477
DONE M=13856993 shard=1065/2000 nodes=155309972 sols=0 skip_q=0 skip_num=0 skip_sieve=0 prefixes=153907908 wide=10167
DONE M=13856993 shard=1066/2000 nodes=177284185 sols=0 skip_q=0 skip_num=0 skip_sieve=0 prefixes=153907908 wide=9315
DONE M=13856993 shard=1067/2000 nodes=172149283 sols=0 skip_q=0 skip_num=0 skip_sieve=0 prefixes=153907908 wide=10294
DONE M=13856993 shard=1068/2000 nodes=238371596 sols=0 skip_q=0 skip_num=0 skip_sieve=0 prefixes=153907908 wide=10404
DONE M=13856993 shard=1069/2000 nodes=256650910 sols=0 skip_q=0 skip_num=0 skip_sieve=0 prefixes=153907908 wide=10599
DONE M=13856993 shard=1070/2000 nodes=143765481 sols=0 skip_q=0 skip_num=0 skip_sieve=0 prefixes=153907908 wide=9936
DONE M=13856993 shard=1071/2000 nodes=178939320 sols=0 skip_q=0 skip_num=0 skip_sieve=0 prefixes=153907908 wide=9844
DONE M=13856993 shard=1072/2000 nodes=230710717 sols=0 skip_q=0 skip_num=0 skip_sieve=0 prefixes=153907908 wide=10324
DONE M=13856993 shard=1073/2000 nodes=183757909 sols=0 skip_q=0 skip_num=0 skip_sieve=0 prefixes=153907908 wide=10250
DONE M=13856993 shard=1074/2000 nodes=200701834 sols=0 skip_q=0 skip_num=0 skip_sieve=0 prefixes=153907908 wide=10332
DONE M=13856993 shard=1075/2000 nodes=141676770 sols=0 skip_q=0 skip_num=0 skip_sieve=0 prefixes=153907908 wide=9050
DONE M=13856993 shard=1076/2000 nodes=186817575 sols=0 skip_q=0 skip_num=0 skip_sieve=0 prefixes=153907908 wide=9460
DONE M=13856993 shard=1077/2000 nodes=188110786 sols=0 skip_q=0 skip_num=0 skip_sieve=0 prefixes=153907908 wide=10566
DONE M=13856993 shard=1078/2000 nodes=191439388 sols=0 skip_q=0 skip_num=0 skip_sieve=0 prefixes=153907908 wide=10262
DONE M=13856993 shard=1079/2000 nodes=251640175 sols=0 skip_q=0 skip_num=0 skip_sieve=0 prefixes=153907908 wide=10624
DONE M=13856993 shard=1080/2000 nodes=248064343 sols=0 skip_q=0 skip_num=0 skip_sieve=0 prefixes=153907908 wide=10073
DONE M=13856993 shard=1081/2000 nodes=156790259 sols=0 skip_q=0 skip_num=0 skip_sieve=0 prefixes=153907908 wide=9047
DONE M=13856993 shard=1082/2000 nodes=177481364 sols=0 skip_q=0 skip_num=0 skip_sieve=0 prefixes=153907908 wide=10188
DONE M=13856993 shard=1083/2000 nodes=193207079 sols=0 skip_q=0 skip_num=0 skip_sieve=0 prefixes=153907908 wide=10397
DONE M=13856993 shard=1084/2000 nodes=313773813 sols=0 skip_q=0 skip_num=0 skip_sieve=0 prefixes=153907908 wide=10468
DONE M=13856993 shard=1085/2000 nodes=162754941 sols=0 skip_q=0 skip_num=0 skip_sieve=0 prefixes=153907908 wide=10233
DONE M=13856993 shard=1086/2000 nodes=163468904 sols=0 skip_q=0 skip_num=0 skip_sieve=0 prefixes=153907908 wide=9227
DONE M=13856993 shard=1087/2000 nodes=176543508 sols=0 skip_q=0 skip_num=0 skip_sieve=0 prefixes=153907908 wide=10520
DONE M=13856993 shard=1088/2000 nodes=262076263 sols=0 skip_q=0 skip_num=0 skip_sieve=0 prefixes=153907908 wide=10395
DONE M=13856993 shard=1089/2000 nodes=239787496 sols=0 skip_q=0 skip_num=0 skip_sieve=0 prefixes=153907908 wide=10248
DONE M=13856993 shard=1090/2000 nodes=151977137 sols=0 skip_q=0 skip_num=0 skip_sieve=0 prefixes=153907908 wide=9932
DONE M=13856993 shard=1091/2000 nodes=162983956 sols=0 skip_q=0 skip_num=0 skip_sieve=0 prefixes=153907908 wide=8837
DONE M=13856993 shard=1092/2000 nodes=203912835 sols=0 skip_q=0 skip_num=0 skip_sieve=0 prefixes=153907908 wide=10312
DONE M=13856993 shard=1093/2000 nodes=204120624 sols=0 skip_q=0 skip_num=0 skip_sieve=0 prefixes=153907908 wide=10587
DONE M=13856993 shard=1094/2000 nodes=176546748 sols=0 skip_q=0 skip_num=0 skip_sieve=0 prefixes=153907908 wide=10334
DONE M=13856993 shard=1095/2000 nodes=161582194 sols=0 skip_q=0 skip_num=0 skip_sieve=0 prefixes=153907908 wide=10046
DONE M=13856993 shard=1096/2000 nodes=245862527 sols=0 skip_q=0 skip_num=0 skip_sieve=0 prefixes=153907908 wide=9462
DONE M=13856993 shard=1097/2000 nodes=165094605 sols=0 skip_q=0 skip_num=0 skip_sieve=0 prefixes=153907908 wide=10225
DONE M=13856993 shard=1098/2000 nodes=212437354 sols=0 skip_q=0 skip_num=0 skip_sieve=0 prefixes=153907908 wide=10268
DONE M=13856993 shard=1099/2000 nodes=338163454 sols=0 skip_q=0 skip_num=0 skip_sieve=0 prefixes=153907908 wide=10393
DONE M=13856993 shard=1100/2000 nodes=181002363 sols=0 skip_q=0 skip_num=0 skip_sieve=0 prefixes=153907908 wide=9865
DONE M=13856993 shard=1101/2000 nodes=168807390 sols=0 skip_q=0 skip_num=0 skip_sieve=0 prefixes=153907908 wide=9558
DONE M=13856993 shard=1102/2000 nodes=160253580 sols=0 skip_q=0 skip_num=0 skip_sieve=0 prefixes=153907908 wide=10200
DONE M=13856993 shard=1103/2000 nodes=194252564 sols=0 skip_q=0 skip_num=0 skip_sieve=0 prefixes=153907908 wide=10625
DONE M=13856993 shard=1104/2000 nodes=376033468 sols=0 skip_q=0 skip_num=0 skip_sieve=0 prefixes=153907908 wide=10457
DONE M=13856993 shard=1105/2000 nodes=155338043 sols=0 skip_q=0 skip_num=0 skip_sieve=0 prefixes=153907908 wide=10184
DONE M=13856993 shard=1106/2000 nodes=159669921 sols=0 skip_q=0 skip_num=0 skip_sieve=0 prefixes=153907908 wide=9175
DONE M=13856993 shard=1107/2000 nodes=163816088 sols=0 skip_q=0 skip_num=0 skip_sieve=0 prefixes=153907908 wide=9529
DONE M=13856993 shard=1108/2000 nodes=260259272 sols=0 skip_q=0 skip_num=0 skip_sieve=0 prefixes=153907908 wide=10410
DONE M=13856993 shard=1109/2000 nodes=258584627 sols=0 skip_q=0 skip_num=0 skip_sieve=0 prefixes=153907908 wide=10601
DONE M=13856993 shard=1110/2000 nodes=142364955 sols=0 skip_q=0 skip_num=0 skip_sieve=0 prefixes=153907908 wide=9936
DONE M=13856993 shard=1111/2000 nodes=194764982 sols=0 skip_q=0 skip_num=0 skip_sieve=0 prefixes=153907908 wide=9844
DONE M=13856993 shard=1112/2000 nodes=264543379 sols=0 skip_q=0 skip_num=0 skip_sieve=0 prefixes=153907908 wide=10320
DONE M=13856993 shard=1113/2000 nodes=183255242 sols=0 skip_q=0 skip_num=0 skip_sieve=0 prefixes=153907908 wide=10234
DONE M=13856993 shard=1114/2000 nodes=194208742 sols=0 skip_q=0 skip_num=0 skip_sieve=0 prefixes=153907908 wide=10328
DONE M=13856993 shard=1115/2000 nodes=154088010 sols=0 skip_q=0 skip_num=0 skip_sieve=0 prefixes=153907908 wide=9823
DONE M=13856993 shard=1116/2000 nodes=187755962 sols=0 skip_q=0 skip_num=0 skip_sieve=0 prefixes=153907908 wide=9460
DONE M=13856993 shard=1117/2000 nodes=185738510 sols=0 skip_q=0 skip_num=0 skip_sieve=0 prefixes=153907908 wide=10559
DONE M=13856993 shard=1118/2000 nodes=192493750 sols=0 skip_q=0 skip_num=0 skip_sieve=0 prefixes=153907908 wide=10267
DONE M=13856993 shard=1119/2000 nodes=251936707 sols=0 skip_q=0 skip_num=0 skip_sieve=0 prefixes=153907908 wide=10624
DONE M=13856993 shard=1120/2000 nodes=211898024 sols=0 skip_q=0 skip_num=0 skip_sieve=0 prefixes=153907908 wide=10067
DONE M=13856993 shard=1121/2000 nodes=156961373 sols=0 skip_q=0 skip_num=0 skip_sieve=0 prefixes=153907908 wide=9202
DONE M=13856993 shard=1122/2000 nodes=164270614 sols=0 skip_q=0 skip_num=0 skip_sieve=0 prefixes=153907908 wide=10190
DONE M=13856993 shard=1123/2000 nodes=159568924 sols=0 skip_q=0 skip_num=0 skip_sieve=0 prefixes=153907908 wide=9626
DONE M=13856993 shard=1124/2000 nodes=392792499 sols=0 skip_q=0 skip_num=0 skip_sieve=0 prefixes=153907908 wide=10467
DONE M=13856993 shard=1125/2000 nodes=158538188 sols=0 skip_q=0 skip_num=0 skip_sieve=0 prefixes=153907908 wide=10228
DONE M=13856993 shard=1126/2000 nodes=151618373 sols=0 skip_q=0 skip_num=0 skip_sieve=0 prefixes=153907908 wide=9315
DONE M=13856993 shard=1127/2000 nodes=181430623 sols=0 skip_q=0 skip_num=0 skip_sieve=0 prefixes=153907908 wide=10537
DONE M=13856993 shard=1128/2000 nodes=295774394 sols=0 skip_q=0 skip_num=0 skip_sieve=0 prefixes=153907908 wide=10406
DONE M=13856993 shard=1129/2000 nodes=238108683 sols=0 skip_q=0 skip_num=0 skip_sieve=0 prefixes=153907908 wide=10252
DONE M=13856993 shard=1130/2000 nodes=160937890 sols=0 skip_q=0 skip_num=0 skip_sieve=0 prefixes=153907908 wide=9938
DONE M=13856993 shard=1131/2000 nodes=170732348 sols=0 skip_q=0 skip_num=0 skip_sieve=0 prefixes=153907908 wide=9464
DONE M=13856993 shard=1132/2000 nodes=203649905 sols=0 skip_q=0 skip_num=0 skip_sieve=0 prefixes=153907908 wide=10320
DONE M=13856993 shard=1133/2000 nodes=236709167 sols=0 skip_q=0 skip_num=0 skip_sieve=0 prefixes=153907908 wide=10614
DONE M=13856993 shard=1134/2000 nodes=177746304 sols=0 skip_q=0 skip_num=0 skip_sieve=0 prefixes=153907908 wide=10333
DONE M=13856993 shard=1135/2000 nodes=161700470 sols=0 skip_q=0 skip_num=0 skip_sieve=0 prefixes=153907908 wide=10057
DONE M=13856993 shard=1136/2000 nodes=213532486 sols=0 skip_q=0 skip_num=0 skip_sieve=0 prefixes=153907908 wide=9359
DONE M=13856993 shard=1137/2000 nodes=165174793 sols=0 skip_q=0 skip_num=0 skip_sieve=0 prefixes=153907908 wide=10218
DONE M=13856993 shard=1138/2000 nodes=196553075 sols=0 skip_q=0 skip_num=0 skip_sieve=0 prefixes=153907908 wide=10281
DONE M=13856993 shard=1139/2000 nodes=238362487 sols=0 skip_q=0 skip_num=0 skip_sieve=0 prefixes=153907908 wide=9625
DONE M=13856993 shard=1140/2000 nodes=190891765 sols=0 skip_q=0 skip_num=0 skip_sieve=0 prefixes=153907908 wide=10063
DONE M=13856993 shard=1141/2000 nodes=173977856 sols=0 skip_q=0 skip_num=0 skip_sieve=0 prefixes=153907908 wide=9554
DONE M=13856993 shard=1142/2000 nodes=158987008 sols=0 skip_q=0 skip_num=0 skip_sieve=0 prefixes=153907908 wide=10182
DONE M=13856993 shard=1143/2000 nodes=194642627 sols=0 skip_q=0 skip_num=0 skip_sieve=0 prefixes=153907908 wide=10621
DONE M=13856993 shard=1144/2000 nodes=454859455 sols=0 skip_q=0 skip_num=0 skip_sieve=0 prefixes=153907908 wide=10472
DONE M=13856993 shard=1145/2000 nodes=155023747 sols=0 skip_q=0 skip_num=0 skip_sieve=0 prefixes=153907908 wide=10160
DONE M=13856993 shard=1146/2000 nodes=176608485 sols=0 skip_q=0 skip_num=0 skip_sieve=0 prefixes=153907908 wide=9318
DONE M=13856993 shard=1147/2000 nodes=169394425 sols=0 skip_q=0 skip_num=0 skip_sieve=0 prefixes=153907908 wide=10318
DONE M=13856993 shard=1148/2000 nodes=237533651 sols=0 skip_q=0 skip_num=0 skip_sieve=0 prefixes=153907908 wide=10412
DONE M=13856993 shard=1149/2000 nodes=312291872 sols=0 skip_q=0 skip_num=0 skip_sieve=0 prefixes=153907908 wide=10594
DONE M=13856993 shard=1150/2000 nodes=136165911 sols=0 skip_q=0 skip_num=0 skip_sieve=0 prefixes=153907908 wide=9744
DONE M=13856993 shard=1151/2000 nodes=178716780 sols=0 skip_q=0 skip_num=0 skip_sieve=0 prefixes=153907908 wide=9846
DONE M=13856993 shard=1152/2000 nodes=234068238 sols=0 skip_q=0 skip_num=0 skip_sieve=0 prefixes=153907908 wide=10316
DONE M=13856993 shard=1153/2000 nodes=184507598 sols=0 skip_q=0 skip_num=0 skip_sieve=0 prefixes=153907908 wide=10248
DONE M=13856993 shard=1154/2000 nodes=183755254 sols=0 skip_q=0 skip_num=0 skip_sieve=0 prefixes=153907908 wide=10334
DONE M=13856993 shard=1155/2000 nodes=141671991 sols=0 skip_q=0 skip_num=0 skip_sieve=0 prefixes=153907908 wide=9041
DONE M=13856993 shard=1156/2000 nodes=184897696 sols=0 skip_q=0 skip_num=0 skip_sieve=0 prefixes=153907908 wide=9293
DONE M=13856993 shard=1157/2000 nodes=185153085 sols=0 skip_q=0 skip_num=0 skip_sieve=0 prefixes=153907908 wide=10575
DONE M=13856993 shard=1158/2000 nodes=215223287 sols=0 skip_q=0 skip_num=0 skip_sieve=0 prefixes=153907908 wide=10272
DONE M=13856993 shard=1159/2000 nodes=252895063 sols=0 skip_q=0 skip_num=0 skip_sieve=0 prefixes=153907908 wide=10625
DONE M=13856993 shard=1160/2000 nodes=248310123 sols=0 skip_q=0 skip_num=0 skip_sieve=0 prefixes=153907908 wide=10070
DONE M=13856993 shard=1161/2000 nodes=167449645 sols=0 skip_q=0 skip_num=0 skip_sieve=0 prefixes=153907908 wide=9198
DONE M=13856993 shard=1162/2000 nodes=177361201 sols=0 skip_q=0 skip_num=0 skip_sieve=0 prefixes=153907908 wide=10183
DONE M=13856993 shard=1163/2000 nodes=180800224 sols=0 skip_q=0 skip_num=0 skip_sieve=0 prefixes=153907908 wide=10399
DONE M=13856993 shard=1164/2000 nodes=315599880 sols=0 skip_q=0 skip_num=0 skip_sieve=0 prefixes=153907908 wide=10477
DONE M=13856993 shard=1165/2000 nodes=162728160 sols=0 skip_q=0 skip_num=0 skip_sieve=0 prefixes=153907908 wide=10231
DONE M=13856993 shard=1166/2000 nodes=153557232 sols=0 skip_q=0 skip_num=0 skip_sieve=0 prefixes=153907908 wide=9326
DONE M=13856993 shard=1167/2000 nodes=178788431 sols=0 skip_q=0 skip_num=0 skip_sieve=0 prefixes=153907908 wide=10526
DONE M=13856993 shard=1168/2000 nodes=264686434 sols=0 skip_q=0 skip_num=0 skip_sieve=0 prefixes=153907908 wide=10417
DONE M=13856993 shard=1169/2000 nodes=238385099 sols=0 skip_q=0 skip_num=0 skip_sieve=0 prefixes=153907908 wide=10249
DONE M=13856993 shard=1170/2000 nodes=148666611 sols=0 skip_q=0 skip_num=0 skip_sieve=0 prefixes=153907908 wide=9924
DONE M=13856993 shard=1171/2000 nodes=164039624 sols=0 skip_q=0 skip_num=0 skip_sieve=0 prefixes=153907908 wide=8855
DONE M=13856993 shard=1172/2000 nodes=202044675 sols=0 skip_q=0 skip_num=0 skip_sieve=0 prefixes=153907908 wide=10321
DONE M=13856993 shard=1173/2000 nodes=204922029 sols=0 skip_q=0 skip_num=0 skip_sieve=0 prefixes=153907908 wide=10602
DONE M=13856993 shard=1174/2000 nodes=192795630 sols=0 skip_q=0 skip_num=0 skip_sieve=0 prefixes=153907908 wide=10343
DONE M=13856993 shard=1175/2000 nodes=159729732 sols=0 skip_q=0 skip_num=0 skip_sieve=0 prefixes=153907908 wide=10045
DONE M=13856993 shard=1176/2000 nodes=244870186 sols=0 skip_q=0 skip_num=0 skip_sieve=0 prefixes=153907908 wide=9455
DONE M=13856993 shard=1177/2000 nodes=169352243 sols=0 skip_q=0 skip_num=0 skip_sieve=0 prefixes=153907908 wide=10212
DONE M=13856993 shard=1178/2000 nodes=208749198 sols=0 skip_q=0 skip_num=0 skip_sieve=0 prefixes=153907908 wide=10269
DONE M=13856993 shard=1179/2000 nodes=245195837 sols=0 skip_q=0 skip_num=0 skip_sieve=0 prefixes=153907908 wide=10398
DONE M=13856993 shard=1180/2000 nodes=188424255 sols=0 skip_q=0 skip_num=0 skip_sieve=0 prefixes=153907908 wide=10072
DONE M=13856993 shard=1181/2000 nodes=168290935 sols=0 skip_q=0 skip_num=0 skip_sieve=0 prefixes=153907908 wide=9389
DONE M=13856993 shard=1182/2000 nodes=159263137 sols=0 skip_q=0 skip_num=0 skip_sieve=0 prefixes=153907908 wide=10184
DONE M=13856993 shard=1183/2000 nodes=211064678 sols=0 skip_q=0 skip_num=0 skip_sieve=0 prefixes=153907908 wide=10618
DONE M=13856993 shard=1184/2000 nodes=373568183 sols=0 skip_q=0 skip_num=0 skip_sieve=0 prefixes=153907908 wide=10462
DONE M=13856993 shard=1185/2000 nodes=155606811 sols=0 skip_q=0 skip_num=0 skip_sieve=0 prefixes=153907908 wide=10168
DONE M=13856993 shard=1186/2000 nodes=177522134 sols=0 skip_q=0 skip_num=0 skip_sieve=0 prefixes=153907908 wide=9233
DONE M=13856993 shard=1187/2000 nodes=161996414 sols=0 skip_q=0 skip_num=0 skip_sieve=0 prefixes=153907908 wide=9534
DONE M=13856993 shard=1188/2000 nodes=236605061 sols=0 skip_q=0 skip_num=0 skip_sieve=0 prefixes=153907908 wide=10397
DONE M=13856993 shard=1189/2000 nodes=259296350 sols=0 skip_q=0 skip_num=0 skip_sieve=0 prefixes=153907908 wide=10615
DONE M=13856993 shard=1190/2000 nodes=143472068 sols=0 skip_q=0 skip_num=0 skip_sieve=0 prefixes=153907908 wide=9946
DONE M=13856993 shard=1191/2000 nodes=178153306 sols=0 skip_q=0 skip_num=0 skip_sieve=0 prefixes=153907908 wide=9836
DONE M=13856993 shard=1192/2000 nodes=264749554 sols=0 skip_q=0 skip_num=0 skip_sieve=0 prefixes=153907908 wide=10322
DONE M=13856993 shard=1193/2000 nodes=185521728 sols=0 skip_q=0 skip_num=0 skip_sieve=0 prefixes=153907908 wide=10267
DONE M=13856993 shard=1194/2000 nodes=194028319 sols=0 skip_q=0 skip_num=0 skip_sieve=0 prefixes=153907908 wide=10337
DONE M=13856993 shard=1195/2000 nodes=151126291 sols=0 skip_q=0 skip_num=0 skip_sieve=0 prefixes=153907908 wide=9829
DONE M=13856993 shard=1196/2000 nodes=186117023 sols=0 skip_q=0 skip_num=0 skip_sieve=0 prefixes=153907908 wide=9455
DONE M=13856993 shard=1197/2000 nodes=183941811 sols=0 skip_q=0 skip_num=0 skip_sieve=0 prefixes=153907908 wide=10560
DONE M=13856993 shard=1198/2000 nodes=194244560 sols=0 skip_q=0 skip_num=0 skip_sieve=0 prefixes=153907908 wide=10267
DONE M=13856993 shard=1199/2000 nodes=307688006 sols=0 skip_q=0 skip_num=0 skip_sieve=0 prefixes=153907908 wide=10613
DONE M=13856993 shard=1200/2000 nodes=206720055 sols=0 skip_q=0 skip_num=0 skip_sieve=0 prefixes=153907908 wide=9877
DONE M=13856993 shard=1201/2000 nodes=156060625 sols=0 skip_q=0 skip_num=0 skip_sieve=0 prefixes=153907908 wide=9205
DONE M=13856993 shard=1202/2000 nodes=167060136 sols=0 skip_q=0 skip_num=0 skip_sieve=0 prefixes=153907908 wide=10186
DONE M=13856993 shard=1203/2000 nodes=159672760 sols=0 skip_q=0 skip_num=0 skip_sieve=0 prefixes=153907908 wide=9626
DONE M=13856993 shard=1204/2000 nodes=315571683 sols=0 skip_q=0 skip_num=0 skip_sieve=0 prefixes=153907908 wide=10459
DONE M=13856993 shard=1205/2000 nodes=159436876 sols=0 skip_q=0 skip_num=0 skip_sieve=0 prefixes=153907908 wide=10228
DONE M=13856993 shard=1206/2000 nodes=151105444 sols=0 skip_q=0 skip_num=0 skip_sieve=0 prefixes=153907908 wide=9165
DONE M=13856993 shard=1207/2000 nodes=180188864 sols=0 skip_q=0 skip_num=0 skip_sieve=0 prefixes=153907908 wide=10543
DONE M=13856993 shard=1208/2000 nodes=318877356 sols=0 skip_q=0 skip_num=0 skip_sieve=0 prefixes=153907908 wide=10393
DONE M=13856993 shard=1209/2000 nodes=240083553 sols=0 skip_q=0 skip_num=0 skip_sieve=0 prefixes=153907908 wide=10253
DONE M=13856993 shard=1210/2000 nodes=160301197 sols=0 skip_q=0 skip_num=0 skip_sieve=0 prefixes=153907908 wide=9945
DONE M=13856993 shard=1211/2000 nodes=180919045 sols=0 skip_q=0 skip_num=0 skip_sieve=0 prefixes=153907908 wide=9616
DONE M=13856993 shard=1212/2000 nodes=200568946 sols=0 skip_q=0 skip_num=0 skip_sieve=0 prefixes=153907908 wide=10324
DONE M=13856993 shard=1213/2000 nodes=202448586 sols=0 skip_q=0 skip_num=0 skip_sieve=0 prefixes=153907908 wide=10597
DONE M=13856993 shard=1214/2000 nodes=176861762 sols=0 skip_q=0 skip_num=0 skip_sieve=0 prefixes=153907908 wide=10328
DONE M=13856993 shard=1215/2000 nodes=163447229 sols=0 skip_q=0 skip_num=0 skip_sieve=0 prefixes=153907908 wide=10036
DONE M=13856993 shard=1216/2000 nodes=212971362 sols=0 skip_q=0 skip_num=0 skip_sieve=0 prefixes=153907908 wide=9451
DONE M=13856993 shard=1217/2000 nodes=168439510 sols=0 skip_q=0 skip_num=0 skip_sieve=0 prefixes=153907908 wide=10208
DONE M=13856993 shard=1218/2000 nodes=199577049 sols=0 skip_q=0 skip_num=0 skip_sieve=0 prefixes=153907908 wide=10271
DONE M=13856993 shard=1219/2000 nodes=237530330 sols=0 skip_q=0 skip_num=0 skip_sieve=0 prefixes=153907908 wide=9622
DONE M=13856993 shard=1220/2000 nodes=187193395 sols=0 skip_q=0 skip_num=0 skip_sieve=0 prefixes=153907908 wide=10060
DONE M=13856993 shard=1221/2000 nodes=173407662 sols=0 skip_q=0 skip_num=0 skip_sieve=0 prefixes=153907908 wide=9550
DONE M=13856993 shard=1222/2000 nodes=156704161 sols=0 skip_q=0 skip_num=0 skip_sieve=0 prefixes=153907908 wide=10197
DONE M=13856993 shard=1223/2000 nodes=195732061 sols=0 skip_q=0 skip_num=0 skip_sieve=0 prefixes=153907908 wide=10619
DONE M=13856993 shard=1224/2000 nodes=633348378 sols=0 skip_q=0 skip_num=0 skip_sieve=0 prefixes=153907908 wide=10453
DONE M=13856993 shard=1225/2000 nodes=154999513 sols=0 skip_q=0 skip_num=0 skip_sieve=0 prefixes=153907908 wide=10177
DONE M=13856993 shard=1226/2000 nodes=177446921 sols=0 skip_q=0 skip_num=0 skip_sieve=0 prefixes=153907908 wide=9326
DONE M=13856993 shard=1227/2000 nodes=176571469 sols=0 skip_q=0 skip_num=0 skip_sieve=0 prefixes=153907908 wide=10309
DONE M=13856993 shard=1228/2000 nodes=236965946 sols=0 skip_q=0 skip_num=0 skip_sieve=0 prefixes=153907908 wide=10405
DONE M=13856993 shard=1229/2000 nodes=256151567 sols=0 skip_q=0 skip_num=0 skip_sieve=0 prefixes=153907908 wide=10600
DONE M=13856993 shard=1230/2000 nodes=141272670 sols=0 skip_q=0 skip_num=0 skip_sieve=0 prefixes=153907908 wide=9933
DONE M=13856993 shard=1231/2000 nodes=177334865 sols=0 skip_q=0 skip_num=0 skip_sieve=0 prefixes=153907908 wide=9674
DONE M=13856993 shard=1232/2000 nodes=230226980 sols=0 skip_q=0 skip_num=0 skip_sieve=0 prefixes=153907908 wide=10314
DONE M=13856993 shard=1233/2000 nodes=205080929 sols=0 skip_q=0 skip_num=0 skip_sieve=0 prefixes=153907908 wide=10254
DONE M=13856993 shard=1234/2000 nodes=184609463 sols=0 skip_q=0 skip_num=0 skip_sieve=0 prefixes=153907908 wide=10323
DONE M=13856993 shard=1235/2000 nodes=143083469 sols=0 skip_q=0 skip_num=0 skip_sieve=0 prefixes=153907908 wide=9060
DONE M=13856993 shard=1236/2000 nodes=188919116 sols=0 skip_q=0 skip_num=0 skip_sieve=0 prefixes=153907908 wide=9359
DONE M=13856993 shard=1237/2000 nodes=183675303 sols=0 skip_q=0 skip_num=0 skip_sieve=0 prefixes=153907908 wide=10577
DONE M=13856993 shard=1238/2000 nodes=189900799 sols=0 skip_q=0 skip_num=0 skip_sieve=0 prefixes=153907908 wide=10270
DONE M=13856993 shard=1239/2000 nodes=252933676 sols=0 skip_q=0 skip_num=0 skip_sieve=0 prefixes=153907908 wide=10629
DONE M=13856993 shard=1240/2000 nodes=249151833 sols=0 skip_q=0 skip_num=0 skip_sieve=0 prefixes=153907908 wide=10060
DONE M=13856993 shard=1241/2000 nodes=158333373 sols=0 skip_q=0 skip_num=0 skip_sieve=0 prefixes=153907908 wide=9201
DONE M=13856993 shard=1242/2000 nodes=179658070 sols=0 skip_q=0 skip_num=0 skip_sieve=0 prefixes=153907908 wide=10186
DONE M=13856993 shard=1243/2000 nodes=181186518 sols=0 skip_q=0 skip_num=0 skip_sieve=0 prefixes=153907908 wide=10383
DONE M=13856993 shard=1244/2000 nodes=313314113 sols=0 skip_q=0 skip_num=0 skip_sieve=0 prefixes=153907908 wide=10468
DONE M=13856993 shard=1245/2000 nodes=161536344 sols=0 skip_q=0 skip_num=0 skip_sieve=0 prefixes=153907908 wide=10222
DONE M=13856993 shard=1246/2000 nodes=152046170 sols=0 skip_q=0 skip_num=0 skip_sieve=0 prefixes=153907908 wide=9314
DONE M=13856993 shard=1247/2000 nodes=176683187 sols=0 skip_q=0 skip_num=0 skip_sieve=0 prefixes=153907908 wide=10519
DONE M=13856993 shard=1248/2000 nodes=264891472 sols=0 skip_q=0 skip_num=0 skip_sieve=0 prefixes=153907908 wide=10415
DONE M=13856993 shard=1249/2000 nodes=294319958 sols=0 skip_q=0 skip_num=0 skip_sieve=0 prefixes=153907908 wide=10247
DONE M=13856993 shard=1250/2000 nodes=143625177 sols=0 skip_q=0 skip_num=0 skip_sieve=0 prefixes=153907908 wide=9734
DONE M=13856993 shard=1251/2000 nodes=163950320 sols=0 skip_q=0 skip_num=0 skip_sieve=0 prefixes=153907908 wide=8854
DONE M=13856993 shard=1252/2000 nodes=207318216 sols=0 skip_q=0 skip_num=0 skip_sieve=0 prefixes=153907908 wide=10325
DONE M=13856993 shard=1253/2000 nodes=203988947 sols=0 skip_q=0 skip_num=0 skip_sieve=0 prefixes=153907908 wide=10614
DONE M=13856993 shard=1254/2000 nodes=176651344 sols=0 skip_q=0 skip_num=0 skip_sieve=0 prefixes=153907908 wide=10343
DONE M=13856993 shard=1255/2000 nodes=161307458 sols=0 skip_q=0 skip_num=0 skip_sieve=0 prefixes=153907908 wide=10047
DONE M=13856993 shard=1256/2000 nodes=245939838 sols=0 skip_q=0 skip_num=0 skip_sieve=0 prefixes=153907908 wide=9294
DONE M=13856993 shard=1257/2000 nodes=168530145 sols=0 skip_q=0 skip_num=0 skip_sieve=0 prefixes=153907908 wide=10218
DONE M=13856993 shard=1258/2000 nodes=247491857 sols=0 skip_q=0 skip_num=0 skip_sieve=0 prefixes=153907908 wide=10276
DONE M=13856993 shard=1259/2000 nodes=246544270 sols=0 skip_q=0 skip_num=0 skip_sieve=0 prefixes=153907908 wide=10398
DONE M=13856993 shard=1260/2000 nodes=187656230 sols=0 skip_q=0 skip_num=0 skip_sieve=0 prefixes=153907908 wide=10066
DONE M=13856993 shard=1261/2000 nodes=178695440 sols=0 skip_q=0 skip_num=0 skip_sieve=0 prefixes=153907908 wide=9552
DONE M=13856993 shard=1262/2000 nodes=157873300 sols=0 skip_q=0 skip_num=0 skip_sieve=0 prefixes=153907908 wide=10179
DONE M=13856993 shard=1263/2000 nodes=193361705 sols=0 skip_q=0 skip_num=0 skip_sieve=0 prefixes=153907908 wide=10631
DONE M=13856993 shard=1264/2000 nodes=373384072 sols=0 skip_q=0 skip_num=0 skip_sieve=0 prefixes=153907908 wide=10464
DONE M=13856993 shard=1265/2000 nodes=155636799 sols=0 skip_q=0 skip_num=0 skip_sieve=0 prefixes=153907908 wide=10160
DONE M=13856993 shard=1266/2000 nodes=163806831 sols=0 skip_q=0 skip_num=0 skip_sieve=0 prefixes=153907908 wide=9309
DONE M=13856993 shard=1267/2000 nodes=163818897 sols=0 skip_q=0 skip_num=0 skip_sieve=0 prefixes=153907908 wide=9533
DONE M=13856993 shard=1268/2000 nodes=238343929 sols=0 skip_q=0 skip_num=0 skip_sieve=0 prefixes=153907908 wide=10403
DONE M=13856993 shard=1269/2000 nodes=257557507 sols=0 skip_q=0 skip_num=0 skip_sieve=0 prefixes=153907908 wide=10605
DONE M=13856993 shard=1270/2000 nodes=142122937 sols=0 skip_q=0 skip_num=0 skip_sieve=0 prefixes=153907908 wide=9940
DONE M=13856993 shard=1271/2000 nodes=177756831 sols=0 skip_q=0 skip_num=0 skip_sieve=0 prefixes=153907908 wide=9838
DONE M=13856993 shard=1272/2000 nodes=265049439 sols=0 skip_q=0 skip_num=0 skip_sieve=0 prefixes=153907908 wide=10318
DONE M=13856993 shard=1273/2000 nodes=184850906 sols=0 skip_q=0 skip_num=0 skip_sieve=0 prefixes=153907908 wide=10260
DONE M=13856993 shard=1274/2000 nodes=210873673 sols=0 skip_q=0 skip_num=0 skip_sieve=0 prefixes=153907908 wide=10339
DONE M=13856993 shard=1275/2000 nodes=150664248 sols=0 skip_q=0 skip_num=0 skip_sieve=0 prefixes=153907908 wide=9818
DONE M=13856993 shard=1276/2000 nodes=185495395 sols=0 skip_q=0 skip_num=0 skip_sieve=0 prefixes=153907908 wide=9443
DONE M=13856993 shard=1277/2000 nodes=188996291 sols=0 skip_q=0 skip_num=0 skip_sieve=0 prefixes=153907908 wide=10577
DONE M=13856993 shard=1278/2000 nodes=191618485 sols=0 skip_q=0 skip_num=0 skip_sieve=0 prefixes=153907908 wide=10270
DONE M=13856993 shard=1279/2000 nodes=253686051 sols=0 skip_q=0 skip_num=0 skip_sieve=0 prefixes=153907908 wide=10619
DONE M=13856993 shard=1280/2000 nodes=211717159 sols=0 skip_q=0 skip_num=0 skip_sieve=0 prefixes=153907908 wide=10067
DONE M=13856993 shard=1281/2000 nodes=156733456 sols=0 skip_q=0 skip_num=0 skip_sieve=0 prefixes=153907908 wide=9041
DONE M=13856993 shard=1282/2000 nodes=165036724 sols=0 skip_q=0 skip_num=0 skip_sieve=0 prefixes=153907908 wide=10176
DONE M=13856993 shard=1283/2000 nodes=164157721 sols=0 skip_q=0 skip_num=0 skip_sieve=0 prefixes=153907908 wide=9622
DONE M=13856993 shard=1284/2000 nodes=314426228 sols=0 skip_q=0 skip_num=0 skip_sieve=0 prefixes=153907908 wide=10470
DONE M=13856993 shard=1285/2000 nodes=159300522 sols=0 skip_q=0 skip_num=0 skip_sieve=0 prefixes=153907908 wide=10231
DONE M=13856993 shard=1286/2000 nodes=162887836 sols=0 skip_q=0 skip_num=0 skip_sieve=0 prefixes=153907908 wide=9226
DONE M=13856993 shard=1287/2000 nodes=175882162 sols=0 skip_q=0 skip_num=0 skip_sieve=0 prefixes=153907908 wide=10533
DONE M=13856993 shard=1288/2000 nodes=295922278 sols=0 skip_q=0 skip_num=0 skip_sieve=0 prefixes=153907908 wide=10392
DONE M=13856993 shard=1289/2000 nodes=239075621 sols=0 skip_q=0 skip_num=0 skip_sieve=0 prefixes=153907908 wide=10253
DONE M=13856993 shard=1290/2000 nodes=163153130 sols=0 skip_q=0 skip_num=0 skip_sieve=0 prefixes=153907908 wide=9933
DONE M=13856993 shard=1291/2000 nodes=172451230 sols=0 skip_q=0 skip_num=0 skip_sieve=0 prefixes=153907908 wide=9630
DONE M=13856993 shard=1292/2000 nodes=203113956 sols=0 skip_q=0 skip_num=0 skip_sieve=0 prefixes=153907908 wide=10315
DONE M=13856993 shard=1293/2000 nodes=202891988 sols=0 skip_q=0 skip_num=0 skip_sieve=0 prefixes=153907908 wide=10600
DONE M=13856993 shard=1294/2000 nodes=177650725 sols=0 skip_q=0 skip_num=0 skip_sieve=0 prefixes=153907908 wide=10337
DONE M=13856993 shard=1295/2000 nodes=159308507 sols=0 skip_q=0 skip_num=0 skip_sieve=0 prefixes=153907908 wide=10052
DONE M=13856993 shard=1296/2000 nodes=212542432 sols=0 skip_q=0 skip_num=0 skip_sieve=0 prefixes=153907908 wide=9439
DONE M=13856993 shard=1297/2000 nodes=165209715 sols=0 skip_q=0 skip_num=0 skip_sieve=0 prefixes=153907908 wide=10213
DONE M=13856993 shard=1298/2000 nodes=199245211 sols=0 skip_q=0 skip_num=0 skip_sieve=0 prefixes=153907908 wide=10270
DONE M=13856993 shard=1299/2000 nodes=294204878 sols=0 skip_q=0 skip_num=0 skip_sieve=0 prefixes=153907908 wide=9633
DONE M=13856993 shard=1300/2000 nodes=180712509 sols=0 skip_q=0 skip_num=0 skip_sieve=0 prefixes=153907908 wide=9876
DONE M=13856993 shard=1301/2000 nodes=172896342 sols=0 skip_q=0 skip_num=0 skip_sieve=0 prefixes=153907908 wide=9556
DONE M=13856993 shard=1302/2000 nodes=160449176 sols=0 skip_q=0 skip_num=0 skip_sieve=0 prefixes=153907908 wide=10199
DONE M=13856993 shard=1303/2000 nodes=194047932 sols=0 skip_q=0 skip_num=0 skip_sieve=0 prefixes=153907908 wide=10619
DONE M=13856993 shard=1304/2000 nodes=455132149 sols=0 skip_q=0 skip_num=0 skip_sieve=0 prefixes=153907908 wide=10460
DONE M=13856993 shard=1305/2000 nodes=156343901 sols=0 skip_q=0 skip_num=0 skip_sieve=0 prefixes=153907908 wide=10175
DONE M=13856993 shard=1306/2000 nodes=172775878 sols=0 skip_q=0 skip_num=0 skip_sieve=0 prefixes=153907908 wide=9180
DONE M=13856993 shard=1307/2000 nodes=174533956 sols=0 skip_q=0 skip_num=0 skip_sieve=0 prefixes=153907908 wide=10305
DONE M=13856993 shard=1308/2000 nodes=259748072 sols=0 skip_q=0 skip_num=0 skip_sieve=0 prefixes=153907908 wide=10405
DONE M=13856993 shard=1309/2000 nodes=257055229 sols=0 skip_q=0 skip_num=0 skip_sieve=0 prefixes=153907908 wide=10602
DONE M=13856993 shard=1310/2000 nodes=143169356 sols=0 skip_q=0 skip_num=0 skip_sieve=0 prefixes=153907908 wide=9926
DONE M=13856993 shard=1311/2000 nodes=188044093 sols=0 skip_q=0 skip_num=0 skip_sieve=0 prefixes=153907908 wide=9838
DONE M=13856993 shard=1312/2000 nodes=229312521 sols=0 skip_q=0 skip_num=0 skip_sieve=0 prefixes=153907908 wide=10310
DONE M=13856993 shard=1313/2000 nodes=183663403 sols=0 skip_q=0 skip_num=0 skip_sieve=0 prefixes=153907908 wide=10256
DONE M=13856993 shard=1314/2000 nodes=184154944 sols=0 skip_q=0 skip_num=0 skip_sieve=0 prefixes=153907908 wide=10332
DONE M=13856993 shard=1315/2000 nodes=145464315 sols=0 skip_q=0 skip_num=0 skip_sieve=0 prefixes=153907908 wide=9058
DONE M=13856993 shard=1316/2000 nodes=187682872 sols=0 skip_q=0 skip_num=0 skip_sieve=0 prefixes=153907908 wide=9453
DONE M=13856993 shard=1317/2000 nodes=185629858 sols=0 skip_q=0 skip_num=0 skip_sieve=0 prefixes=153907908 wide=10574
DONE M=13856993 shard=1318/2000 nodes=192094014 sols=0 skip_q=0 skip_num=0 skip_sieve=0 prefixes=153907908 wide=10274
DONE M=13856993 shard=1319/2000 nodes=251409530 sols=0 skip_q=0 skip_num=0 skip_sieve=0 prefixes=153907908 wide=10613
DONE M=13856993 shard=1320/2000 nodes=246896629 sols=0 skip_q=0 skip_num=0 skip_sieve=0 prefixes=153907908 wide=10066
DONE M=13856993 shard=1321/2000 nodes=157907078 sols=0 skip_q=0 skip_num=0 skip_sieve=0 prefixes=153907908 wide=9206
DONE M=13856993 shard=1322/2000 nodes=176550992 sols=0 skip_q=0 skip_num=0 skip_sieve=0 prefixes=153907908 wide=10204
DONE M=13856993 shard=1323/2000 nodes=183297612 sols=0 skip_q=0 skip_num=0 skip_sieve=0 prefixes=153907908 wide=10388
DONE M=13856993 shard=1324/2000 nodes=391140776 sols=0 skip_q=0 skip_num=0 skip_sieve=0 prefixes=153907908 wide=10458
DONE M=13856993 shard=1325/2000 nodes=162292002 sols=0 skip_q=0 skip_num=0 skip_sieve=0 prefixes=153907908 wide=10228
DONE M=13856993 shard=1326/2000 nodes=154535297 sols=0 skip_q=0 skip_num=0 skip_sieve=0 prefixes=153907908 wide=9326
DONE M=13856993 shard=1327/2000 nodes=182457506 sols=0 skip_q=0 skip_num=0 skip_sieve=0 prefixes=153907908 wide=10536
DONE M=13856993 shard=1328/2000 nodes=263391268 sols=0 skip_q=0 skip_num=0 skip_sieve=0 prefixes=153907908 wide=10402
DONE M=13856993 shard=1329/2000 nodes=238107333 sols=0 skip_q=0 skip_num=0 skip_sieve=0 prefixes=153907908 wide=10249
DONE M=13856993 shard=1330/2000 nodes=145836817 sols=0 skip_q=0 skip_num=0 skip_sieve=0 prefixes=153907908 wide=9927
DONE M=13856993 shard=1331/2000 nodes=162154502 sols=0 skip_q=0 skip_num=0 skip_sieve=0 prefixes=153907908 wide=8686
DONE M=13856993 shard=1332/2000 nodes=203015181 sols=0 skip_q=0 skip_num=0 skip_sieve=0 prefixes=153907908 wide=10324
DONE M=13856993 shard=1333/2000 nodes=223745371 sols=0 skip_q=0 skip_num=0 skip_sieve=0 prefixes=153907908 wide=10613
DONE M=13856993 shard=1334/2000 nodes=177141316 sols=0 skip_q=0 skip_num=0 skip_sieve=0 prefixes=153907908 wide=10335
DONE M=13856993 shard=1335/2000 nodes=161609732 sols=0 skip_q=0 skip_num=0 skip_sieve=0 prefixes=153907908 wide=10044
DONE M=13856993 shard=1336/2000 nodes=246623899 sols=0 skip_q=0 skip_num=0 skip_sieve=0 prefixes=153907908 wide=9356
DONE M=13856993 shard=1337/2000 nodes=166006787 sols=0 skip_q=0 skip_num=0 skip_sieve=0 prefixes=153907908 wide=10213
DONE M=13856993 shard=1338/2000 nodes=209428009 sols=0 skip_q=0 skip_num=0 skip_sieve=0 prefixes=153907908 wide=10274
DONE M=13856993 shard=1339/2000 nodes=246143503 sols=0 skip_q=0 skip_num=0 skip_sieve=0 prefixes=153907908 wide=10385
DONE M=13856993 shard=1340/2000 nodes=189831336 sols=0 skip_q=0 skip_num=0 skip_sieve=0 prefixes=153907908 wide=10060
DONE M=13856993 shard=1341/2000 nodes=168911079 sols=0 skip_q=0 skip_num=0 skip_sieve=0 prefixes=153907908 wide=9554
DONE M=13856993 shard=1342/2000 nodes=162113116 sols=0 skip_q=0 skip_num=0 skip_sieve=0 prefixes=153907908 wide=10193
DONE M=13856993 shard=1343/2000 nodes=194038143 sols=0 skip_q=0 skip_num=0 skip_sieve=0 prefixes=153907908 wide=10616
DONE M=13856993 shard=1344/2000 nodes=374696928 sols=0 skip_q=0 skip_num=0 skip_sieve=0 prefixes=153907908 wide=10458
DONE M=13856993 shard=1345/2000 nodes=154239126 sols=0 skip_q=0 skip_num=0 skip_sieve=0 prefixes=153907908 wide=10168
DONE M=13856993 shard=1346/2000 nodes=162816328 sols=0 skip_q=0 skip_num=0 skip_sieve=0 prefixes=153907908 wide=9312
DONE M=13856993 shard=1347/2000 nodes=161160743 sols=0 skip_q=0 skip_num=0 skip_sieve=0 prefixes=153907908 wide=9538
DONE M=13856993 shard=1348/2000 nodes=239419615 sols=0 skip_q=0 skip_num=0 skip_sieve=0 prefixes=153907908 wide=10406
DONE M=13856993 shard=1349/2000 nodes=349319370 sols=0 skip_q=0 skip_num=0 skip_sieve=0 prefixes=153907908 wide=10604
DONE M=13856993 shard=1350/2000 nodes=135682131 sols=0 skip_q=0 skip_num=0 skip_sieve=0 prefixes=153907908 wide=9737
DONE M=13856993 shard=1351/2000 nodes=178055105 sols=0 skip_q=0 skip_num=0 skip_sieve=0 prefixes=153907908 wide=9845
DONE M=13856993 shard=1352/2000 nodes=271347926 sols=0 skip_q=0 skip_num=0 skip_sieve=0 prefixes=153907908 wide=10323
DONE M=13856993 shard=1353/2000 nodes=185233817 sols=0 skip_q=0 skip_num=0 skip_sieve=0 prefixes=153907908 wide=10239
DONE M=13856993 shard=1354/2000 nodes=194432427 sols=0 skip_q=0 skip_num=0 skip_sieve=0 prefixes=153907908 wide=10346
DONE M=13856993 shard=1355/2000 nodes=151162283 sols=0 skip_q=0 skip_num=0 skip_sieve=0 prefixes=153907908 wide=9828
DONE M=13856993 shard=1356/2000 nodes=186090183 sols=0 skip_q=0 skip_num=0 skip_sieve=0 prefixes=153907908 wide=9296
DONE M=13856993 shard=1357/2000 nodes=186102296 sols=0 skip_q=0 skip_num=0 skip_sieve=0 prefixes=153907908 wide=10570
DONE M=13856993 shard=1358/2000 nodes=216521570 sols=0 skip_q=0 skip_num=0 skip_sieve=0 prefixes=153907908 wide=10276
DONE M=13856993 shard=1359/2000 nodes=252434627 sols=0 skip_q=0 skip_num=0 skip_sieve=0 prefixes=153907908 wide=10623
DONE M=13856993 shard=1360/2000 nodes=213867882 sols=0 skip_q=0 skip_num=0 skip_sieve=0 prefixes=153907908 wide=10057
DONE M=13856993 shard=1361/2000 nodes=173349956 sols=0 skip_q=0 skip_num=0 skip_sieve=0 prefixes=153907908 wide=9198
DONE M=13856993 shard=1362/2000 nodes=167062686 sols=0 skip_q=0 skip_num=0 skip_sieve=0 prefixes=153907908 wide=10185
DONE M=13856993 shard=1363/2000 nodes=157969914 sols=0 skip_q=0 skip_num=0 skip_sieve=0 prefixes=153907908 wide=9624
DONE M=13856993 shard=1364/2000 nodes=313909790 sols=0 skip_q=0 skip_num=0 skip_sieve=0 prefixes=153907908 wide=10466
DONE M=13856993 shard=1365/2000 nodes=158160170 sols=0 skip_q=0 skip_num=0 skip_sieve=0 prefixes=153907908 wide=10225
DONE M=13856993 shard=1366/2000 nodes=153295984 sols=0 skip_q=0 skip_num=0 skip_sieve=0 prefixes=153907908 wide=9323
DONE M=13856993 shard=1367/2000 nodes=178958909 sols=0 skip_q=0 skip_num=0 skip_sieve=0 prefixes=153907908 wide=10528
DONE M=13856993 shard=1368/2000 nodes=300050517 sols=0 skip_q=0 skip_num=0 skip_sieve=0 prefixes=153907908 wide=10408
DONE M=13856993 shard=1369/2000 nodes=238070675 sols=0 skip_q=0 skip_num=0 skip_sieve=0 prefixes=153907908 wide=10262
DONE M=13856993 shard=1370/2000 nodes=159946422 sols=0 skip_q=0 skip_num=0 skip_sieve=0 prefixes=153907908 wide=9937
DONE M=13856993 shard=1371/2000 nodes=172833116 sols=0 skip_q=0 skip_num=0 skip_sieve=0 prefixes=153907908 wide=9605
DONE M=13856993 shard=1372/2000 nodes=201101916 sols=0 skip_q=0 skip_num=0 skip_sieve=0 prefixes=153907908 wide=10323
DONE M=13856993 shard=1373/2000 nodes=205217765 sols=0 skip_q=0 skip_num=0 skip_sieve=0 prefixes=153907908 wide=10607
DONE M=13856993 shard=1374/2000 nodes=193242184 sols=0 skip_q=0 skip_num=0 skip_sieve=0 prefixes=153907908 wide=10343
DONE M=13856993 shard=1375/2000 nodes=159221510 sols=0 skip_q=0 skip_num=0 skip_sieve=0 prefixes=153907908 wide=10035
DONE M=13856993 shard=1376/2000 nodes=212605558 sols=0 skip_q=0 skip_num=0 skip_sieve=0 prefixes=153907908 wide=9461
DONE M=13856993 shard=1377/2000 nodes=169136474 sols=0 skip_q=0 skip_num=0 skip_sieve=0 prefixes=153907908 wide=10196
DONE M=13856993 shard=1378/2000 nodes=199230597 sols=0 skip_q=0 skip_num=0 skip_sieve=0 prefixes=153907908 wide=10271
DONE M=13856993 shard=1379/2000 nodes=236367595 sols=0 skip_q=0 skip_num=0 skip_sieve=0 prefixes=153907908 wide=9619
DONE M=13856993 shard=1380/2000 nodes=186843070 sols=0 skip_q=0 skip_num=0 skip_sieve=0 prefixes=153907908 wide=10070
DONE M=13856993 shard=1381/2000 nodes=172576033 sols=0 skip_q=0 skip_num=0 skip_sieve=0 prefixes=153907908 wide=9390
DONE M=13856993 shard=1382/2000 nodes=158462800 sols=0 skip_q=0 skip_num=0 skip_sieve=0 prefixes=153907908 wide=10184
DONE M=13856993 shard=1383/2000 nodes=221078175 sols=0 skip_q=0 skip_num=0 skip_sieve=0 prefixes=153907908 wide=10623
DONE M=13856993 shard=1384/2000 nodes=454382154 sols=0 skip_q=0 skip_num=0 skip_sieve=0 prefixes=153907908 wide=10472
DONE M=13856993 shard=1385/2000 nodes=156526422 sols=0 skip_q=0 skip_num=0 skip_sieve=0 prefixes=153907908 wide=10171
DONE M=13856993 shard=1386/2000 nodes=193311252 sols=0 skip_q=0 skip_num=0 skip_sieve=0 prefixes=153907908 wide=9222
DONE M=13856993 shard=1387/2000 nodes=169701589 sols=0 skip_q=0 skip_num=0 skip_sieve=0 prefixes=153907908 wide=10310
DONE M=13856993 shard=1388/2000 nodes=236502471 sols=0 skip_q=0 skip_num=0 skip_sieve=0 prefixes=153907908 wide=10402
DONE M=13856993 shard=1389/2000 nodes=258570454 sols=0 skip_q=0 skip_num=0 skip_sieve=0 prefixes=153907908 wide=10604
DONE M=13856993 shard=1390/2000 nodes=146351716 sols=0 skip_q=0 skip_num=0 skip_sieve=0 prefixes=153907908 wide=9943
DONE M=13856993 shard=1391/2000 nodes=178488518 sols=0 skip_q=0 skip_num=0 skip_sieve=0 prefixes=153907908 wide=9831
DONE M=13856993 shard=1392/2000 nodes=229476552 sols=0 skip_q=0 skip_num=0 skip_sieve=0 prefixes=153907908 wide=10323
DONE M=13856993 shard=1393/2000 nodes=184710752 sols=0 skip_q=0 skip_num=0 skip_sieve=0 prefixes=153907908 wide=10250
DONE M=13856993 shard=1394/2000 nodes=182778817 sols=0 skip_q=0 skip_num=0 skip_sieve=0 prefixes=153907908 wide=10334
DONE M=13856993 shard=1395/2000 nodes=142734442 sols=0 skip_q=0 skip_num=0 skip_sieve=0 prefixes=153907908 wide=9035
DONE M=13856993 shard=1396/2000 nodes=186818425 sols=0 skip_q=0 skip_num=0 skip_sieve=0 prefixes=153907908 wide=9457
DONE M=13856993 shard=1397/2000 nodes=182070091 sols=0 skip_q=0 skip_num=0 skip_sieve=0 prefixes=153907908 wide=10562
DONE M=13856993 shard=1398/2000 nodes=193233955 sols=0 skip_q=0 skip_num=0 skip_sieve=0 prefixes=153907908 wide=10261
DONE M=13856993 shard=1399/2000 nodes=307943075 sols=0 skip_q=0 skip_num=0 skip_sieve=0 prefixes=153907908 wide=10620
DONE M=13856993 shard=1400/2000 nodes=240711630 sols=0 skip_q=0 skip_num=0 skip_sieve=0 prefixes=153907908 wide=9871
DONE M=13856993 shard=1401/2000 nodes=157492388 sols=0 skip_q=0 skip_num=0 skip_sieve=0 prefixes=153907908 wide=9201
DONE M=13856993 shard=1402/2000 nodes=179945740 sols=0 skip_q=0 skip_num=0 skip_sieve=0 prefixes=153907908 wide=10190
DONE M=13856993 shard=1403/2000 nodes=181027300 sols=0 skip_q=0 skip_num=0 skip_sieve=0 prefixes=153907908 wide=10392
DONE M=13856993 shard=1404/2000 nodes=314258000 sols=0 skip_q=0 skip_num=0 skip_sieve=0 prefixes=153907908 wide=10458
DONE M=13856993 shard=1405/2000 nodes=161908096 sols=0 skip_q=0 skip_num=0 skip_sieve=0 prefixes=153907908 wide=10229
DONE M=13856993 shard=1406/2000 nodes=151318148 sols=0 skip_q=0 skip_num=0 skip_sieve=0 prefixes=153907908 wide=9174
DONE M=13856993 shard=1407/2000 nodes=178730188 sols=0 skip_q=0 skip_num=0 skip_sieve=0 prefixes=153907908 wide=10518
DONE M=13856993 shard=1408/2000 nodes=286891931 sols=0 skip_q=0 skip_num=0 skip_sieve=0 prefixes=153907908 wide=10394
DONE M=13856993 shard=1409/2000 nodes=239482403 sols=0 skip_q=0 skip_num=0 skip_sieve=0 prefixes=153907908 wide=10249
DONE M=13856993 shard=1410/2000 nodes=148775413 sols=0 skip_q=0 skip_num=0 skip_sieve=0 prefixes=153907908 wide=9952
DONE M=13856993 shard=1411/2000 nodes=173517127 sols=0 skip_q=0 skip_num=0 skip_sieve=0 prefixes=153907908 wide=8859
DONE M=13856993 shard=1412/2000 nodes=202673337 sols=0 skip_q=0 skip_num=0 skip_sieve=0 prefixes=153907908 wide=10320
DONE M=13856993 shard=1413/2000 nodes=204402912 sols=0 skip_q=0 skip_num=0 skip_sieve=0 prefixes=153907908 wide=10594
DONE M=13856993 shard=1414/2000 nodes=175369131 sols=0 skip_q=0 skip_num=0 skip_sieve=0 prefixes=153907908 wide=10321
DONE M=13856993 shard=1415/2000 nodes=164967867 sols=0 skip_q=0 skip_num=0 skip_sieve=0 prefixes=153907908 wide=10051
DONE M=13856993 shard=1416/2000 nodes=247668584 sols=0 skip_q=0 skip_num=0 skip_sieve=0 prefixes=153907908 wide=9461
DONE M=13856993 shard=1417/2000 nodes=167576273 sols=0 skip_q=0 skip_num=0 skip_sieve=0 prefixes=153907908 wide=10214
DONE M=13856993 shard=1418/2000 nodes=209292824 sols=0 skip_q=0 skip_num=0 skip_sieve=0 prefixes=153907908 wide=10269
DONE M=13856993 shard=1419/2000 nodes=244911543 sols=0 skip_q=0 skip_num=0 skip_sieve=0 prefixes=153907908 wide=10399
DONE M=13856993 shard=1420/2000 nodes=187268504 sols=0 skip_q=0 skip_num=0 skip_sieve=0 prefixes=153907908 wide=10062
DONE M=13856993 shard=1421/2000 nodes=167720111 sols=0 skip_q=0 skip_num=0 skip_sieve=0 prefixes=153907908 wide=9559
DONE M=13856993 shard=1422/2000 nodes=157864801 sols=0 skip_q=0 skip_num=0 skip_sieve=0 prefixes=153907908 wide=10188
DONE M=13856993 shard=1423/2000 nodes=196134399 sols=0 skip_q=0 skip_num=0 skip_sieve=0 prefixes=153907908 wide=10620
DONE M=13856993 shard=1424/2000 nodes=474184982 sols=0 skip_q=0 skip_num=0 skip_sieve=0 prefixes=153907908 wide=10461
DONE M=13856993 shard=1425/2000 nodes=153910445 sols=0 skip_q=0 skip_num=0 skip_sieve=0 prefixes=153907908 wide=10179
DONE M=13856993 shard=1426/2000 nodes=163731758 sols=0 skip_q=0 skip_num=0 skip_sieve=0 prefixes=153907908 wide=9324
DONE M=13856993 shard=1427/2000 nodes=167382215 sols=0 skip_q=0 skip_num=0 skip_sieve=0 prefixes=153907908 wide=9545
DONE M=13856993 shard=1428/2000 nodes=238166785 sols=0 skip_q=0 skip_num=0 skip_sieve=0 prefixes=153907908 wide=10399
DONE M=13856993 shard=1429/2000 nodes=258296069 sols=0 skip_q=0 skip_num=0 skip_sieve=0 prefixes=153907908 wide=10601
DONE M=13856993 shard=1430/2000 nodes=141919040 sols=0 skip_q=0 skip_num=0 skip_sieve=0 prefixes=153907908 wide=9934
DONE M=13856993 shard=1431/2000 nodes=177482410 sols=0 skip_q=0 skip_num=0 skip_sieve=0 prefixes=153907908 wide=9683
DONE M=13856993 shard=1432/2000 nodes=265499543 sols=0 skip_q=0 skip_num=0 skip_sieve=0 prefixes=153907908 wide=10316
DONE M=13856993 shard=1433/2000 nodes=206518430 sols=0 skip_q=0 skip_num=0 skip_sieve=0 prefixes=153907908 wide=10263
DONE M=13856993 shard=1434/2000 nodes=194866347 sols=0 skip_q=0 skip_num=0 skip_sieve=0 prefixes=153907908 wide=10329
DONE M=13856993 shard=1435/2000 nodes=152573445 sols=0 skip_q=0 skip_num=0 skip_sieve=0 prefixes=153907908 wide=9819
DONE M=13856993 shard=1436/2000 nodes=187546674 sols=0 skip_q=0 skip_num=0 skip_sieve=0 prefixes=153907908 wide=9364
DONE M=13856993 shard=1437/2000 nodes=183049459 sols=0 skip_q=0 skip_num=0 skip_sieve=0 prefixes=153907908 wide=10565
DONE M=13856993 shard=1438/2000 nodes=190662694 sols=0 skip_q=0 skip_num=0 skip_sieve=0 prefixes=153907908 wide=10272
DONE M=13856993 shard=1439/2000 nodes=253837174 sols=0 skip_q=0 skip_num=0 skip_sieve=0 prefixes=153907908 wide=10613
DONE M=13856993 shard=1440/2000 nodes=215905639 sols=0 skip_q=0 skip_num=0 skip_sieve=0 prefixes=153907908 wide=10061
DONE M=13856993 shard=1441/2000 nodes=156793071 sols=0 skip_q=0 skip_num=0 skip_sieve=0 prefixes=153907908 wide=9203
DONE M=13856993 shard=1442/2000 nodes=167588193 sols=0 skip_q=0 skip_num=0 skip_sieve=0 prefixes=153907908 wide=10194
DONE M=13856993 shard=1443/2000 nodes=159013342 sols=0 skip_q=0 skip_num=0 skip_sieve=0 prefixes=153907908 wide=9613
DONE M=13856993 shard=1444/2000 nodes=313020321 sols=0 skip_q=0 skip_num=0 skip_sieve=0 prefixes=153907908 wide=10462
DONE M=13856993 shard=1445/2000 nodes=158514893 sols=0 skip_q=0 skip_num=0 skip_sieve=0 prefixes=153907908 wide=10229
DONE M=13856993 shard=1446/2000 nodes=151989080 sols=0 skip_q=0 skip_num=0 skip_sieve=0 prefixes=153907908 wide=9322
DONE M=13856993 shard=1447/2000 nodes=177061721 sols=0 skip_q=0 skip_num=0 skip_sieve=0 prefixes=153907908 wide=10533
DONE M=13856993 shard=1448/2000 nodes=298764269 sols=0 skip_q=0 skip_num=0 skip_sieve=0 prefixes=153907908 wide=10408
DONE M=13856993 shard=1449/2000 nodes=294311169 sols=0 skip_q=0 skip_num=0 skip_sieve=0 prefixes=153907908 wide=10246
DONE M=13856993 shard=1450/2000 nodes=154217072 sols=0 skip_q=0 skip_num=0 skip_sieve=0 prefixes=153907908 wide=9734
DONE M=13856993 shard=1451/2000 nodes=170892790 sols=0 skip_q=0 skip_num=0 skip_sieve=0 prefixes=153907908 wide=9617
DONE M=13856993 shard=1452/2000 nodes=206205363 sols=0 skip_q=0 skip_num=0 skip_sieve=0 prefixes=153907908 wide=10327
DONE M=13856993 shard=1453/2000 nodes=203899911 sols=0 skip_q=0 skip_num=0 skip_sieve=0 prefixes=153907908 wide=10606
DONE M=13856993 shard=1454/2000 nodes=177681787 sols=0 skip_q=0 skip_num=0 skip_sieve=0 prefixes=153907908 wide=10335
DONE M=13856993 shard=1455/2000 nodes=159696467 sols=0 skip_q=0 skip_num=0 skip_sieve=0 prefixes=153907908 wide=10044
DONE M=13856993 shard=1456/2000 nodes=211094966 sols=0 skip_q=0 skip_num=0 skip_sieve=0 prefixes=153907908 wide=9303
DONE M=13856993 shard=1457/2000 nodes=167769991 sols=0 skip_q=0 skip_num=0 skip_sieve=0 prefixes=153907908 wide=10216
DONE M=13856993 shard=1458/2000 nodes=222345242 sols=0 skip_q=0 skip_num=0 skip_sieve=0 prefixes=153907908 wide=10283
DONE M=13856993 shard=1459/2000 nodes=237806036 sols=0 skip_q=0 skip_num=0 skip_sieve=0 prefixes=153907908 wide=9634
DONE M=13856993 shard=1460/2000 nodes=188124281 sols=0 skip_q=0 skip_num=0 skip_sieve=0 prefixes=153907908 wide=10065
DONE M=13856993 shard=1461/2000 nodes=182476205 sols=0 skip_q=0 skip_num=0 skip_sieve=0 prefixes=153907908 wide=9548
DONE M=13856993 shard=1462/2000 nodes=155759531 sols=0 skip_q=0 skip_num=0 skip_sieve=0 prefixes=153907908 wide=10186
DONE M=13856993 shard=1463/2000 nodes=194188180 sols=0 skip_q=0 skip_num=0 skip_sieve=0 prefixes=153907908 wide=10613
DONE M=13856993 shard=1464/2000 nodes=454584421 sols=0 skip_q=0 skip_num=0 skip_sieve=0 prefixes=153907908 wide=10466
DONE M=13856993 shard=1465/2000 nodes=156308195 sols=0 skip_q=0 skip_num=0 skip_sieve=0 prefixes=153907908 wide=10162
DONE M=13856993 shard=1466/2000 nodes=177953894 sols=0 skip_q=0 skip_num=0 skip_sieve=0 prefixes=153907908 wide=9325
DONE M=13856993 shard=1467/2000 nodes=173686438 sols=0 skip_q=0 skip_num=0 skip_sieve=0 prefixes=153907908 wide=10305
DONE M=13856993 shard=1468/2000 nodes=237613259 sols=0 skip_q=0 skip_num=0 skip_sieve=0 prefixes=153907908 wide=10405
DONE M=13856993 shard=1469/2000 nodes=256253780 sols=0 skip_q=0 skip_num=0 skip_sieve=0 prefixes=153907908 wide=10600
DONE M=13856993 shard=1470/2000 nodes=143334980 sols=0 skip_q=0 skip_num=0 skip_sieve=0 prefixes=153907908 wide=9931
DONE M=13856993 shard=1471/2000 nodes=177954957 sols=0 skip_q=0 skip_num=0 skip_sieve=0 prefixes=153907908 wide=9845
DONE M=13856993 shard=1472/2000 nodes=228089139 sols=0 skip_q=0 skip_num=0 skip_sieve=0 prefixes=153907908 wide=10321
DONE M=13856993 shard=1473/2000 nodes=184239481 sols=0 skip_q=0 skip_num=0 skip_sieve=0 prefixes=153907908 wide=10264
DONE M=13856993 shard=1474/2000 nodes=210730555 sols=0 skip_q=0 skip_num=0 skip_sieve=0 prefixes=153907908 wide=10338
DONE M=13856993 shard=1475/2000 nodes=141924224 sols=0 skip_q=0 skip_num=0 skip_sieve=0 prefixes=153907908 wide=9049
DONE M=13856993 shard=1476/2000 nodes=187208737 sols=0 skip_q=0 skip_num=0 skip_sieve=0 prefixes=153907908 wide=9464
DONE M=13856993 shard=1477/2000 nodes=188972835 sols=0 skip_q=0 skip_num=0 skip_sieve=0 prefixes=153907908 wide=10568
DONE M=13856993 shard=1478/2000 nodes=191003231 sols=0 skip_q=0 skip_num=0 skip_sieve=0 prefixes=153907908 wide=10275
DONE M=13856993 shard=1479/2000 nodes=252892426 sols=0 skip_q=0 skip_num=0 skip_sieve=0 prefixes=153907908 wide=10602
DONE M=13856993 shard=1480/2000 nodes=246426633 sols=0 skip_q=0 skip_num=0 skip_sieve=0 prefixes=153907908 wide=10078
DONE M=13856993 shard=1481/2000 nodes=157305435 sols=0 skip_q=0 skip_num=0 skip_sieve=0 prefixes=153907908 wide=9042
DONE M=13856993 shard=1482/2000 nodes=178899815 sols=0 skip_q=0 skip_num=0 skip_sieve=0 prefixes=153907908 wide=10167
DONE M=13856993 shard=1483/2000 nodes=194180900 sols=0 skip_q=0 skip_num=0 skip_sieve=0 prefixes=153907908 wide=10390
DONE M=13856993 shard=1484/2000 nodes=313608480 sols=0 skip_q=0 skip_num=0 skip_sieve=0 prefixes=153907908 wide=10470
DONE M=13856993 shard=1485/2000 nodes=162931751 sols=0 skip_q=0 skip_num=0 skip_sieve=0 prefixes=153907908 wide=10229
DONE M=13856993 shard=1486/2000 nodes=170507892 sols=0 skip_q=0 skip_num=0 skip_sieve=0 prefixes=153907908 wide=9226
DONE M=13856993 shard=1487/2000 nodes=175715767 sols=0 skip_q=0 skip_num=0 skip_sieve=0 prefixes=153907908 wide=10526
DONE M=13856993 shard=1488/2000 nodes=263585939 sols=0 skip_q=0 skip_num=0 skip_sieve=0 prefixes=153907908 wide=10409
DONE M=13856993 shard=1489/2000 nodes=239407690 sols=0 skip_q=0 skip_num=0 skip_sieve=0 prefixes=153907908 wide=10250
DONE M=13856993 shard=1490/2000 nodes=151265862 sols=0 skip_q=0 skip_num=0 skip_sieve=0 prefixes=153907908 wide=9943
DONE M=13856993 shard=1491/2000 nodes=163587443 sols=0 skip_q=0 skip_num=0 skip_sieve=0 prefixes=153907908 wide=8849
DONE M=13856993 shard=1492/2000 nodes=203253987 sols=0 skip_q=0 skip_num=0 skip_sieve=0 prefixes=153907908 wide=10321
DONE M=13856993 shard=1493/2000 nodes=204286945 sols=0 skip_q=0 skip_num=0 skip_sieve=0 prefixes=153907908 wide=10614
DONE M=13856993 shard=1494/2000 nodes=176688229 sols=0 skip_q=0 skip_num=0 skip_sieve=0 prefixes=153907908 wide=10337
DONE M=13856993 shard=1495/2000 nodes=161472842 sols=0 skip_q=0 skip_num=0 skip_sieve=0 prefixes=153907908 wide=10057
DONE M=13856993 shard=1496/2000 nodes=246550298 sols=0 skip_q=0 skip_num=0 skip_sieve=0 prefixes=153907908 wide=9453
DONE M=13856993 shard=1497/2000 nodes=165431130 sols=0 skip_q=0 skip_num=0 skip_sieve=0 prefixes=153907908 wide=10217
DONE M=13856993 shard=1498/2000 nodes=211270524 sols=0 skip_q=0 skip_num=0 skip_sieve=0 prefixes=153907908 wide=10265
DONE M=13856993 shard=1499/2000 nodes=301269856 sols=0 skip_q=0 skip_num=0 skip_sieve=0 prefixes=153907908 wide=10403
DONE M=13856993 shard=1500/2000 nodes=180526768 sols=0 skip_q=0 skip_num=0 skip_sieve=0 prefixes=153907908 wide=9875
DONE M=13856993 shard=1501/2000 nodes=170838066 sols=0 skip_q=0 skip_num=0 skip_sieve=0 prefixes=153907908 wide=9544
DONE M=13856993 shard=1502/2000 nodes=161689802 sols=0 skip_q=0 skip_num=0 skip_sieve=0 prefixes=153907908 wide=10196
DONE M=13856993 shard=1503/2000 nodes=195164809 sols=0 skip_q=0 skip_num=0 skip_sieve=0 prefixes=153907908 wide=10612
DONE M=13856993 shard=1504/2000 nodes=374193508 sols=0 skip_q=0 skip_num=0 skip_sieve=0 prefixes=153907908 wide=10465
DONE M=13856993 shard=1505/2000 nodes=155178725 sols=0 skip_q=0 skip_num=0 skip_sieve=0 prefixes=153907908 wide=10160
DONE M=13856993 shard=1506/2000 nodes=158929956 sols=0 skip_q=0 skip_num=0 skip_sieve=0 prefixes=153907908 wide=9162
DONE M=13856993 shard=1507/2000 nodes=164868339 sols=0 skip_q=0 skip_num=0 skip_sieve=0 prefixes=153907908 wide=9531
DONE M=13856993 shard=1508/2000 nodes=275363506 sols=0 skip_q=0 skip_num=0 skip_sieve=0 prefixes=153907908 wide=10398
DONE M=13856993 shard=1509/2000 nodes=256503644 sols=0 skip_q=0 skip_num=0 skip_sieve=0 prefixes=153907908 wide=10600
DONE M=13856993 shard=1510/2000 nodes=141625656 sols=0 skip_q=0 skip_num=0 skip_sieve=0 prefixes=153907908 wide=9930
DONE M=13856993 shard=1511/2000 nodes=188375702 sols=0 skip_q=0 skip_num=0 skip_sieve=0 prefixes=153907908 wide=9838
DONE M=13856993 shard=1512/2000 nodes=264406002 sols=0 skip_q=0 skip_num=0 skip_sieve=0 prefixes=153907908 wide=10329
DONE M=13856993 shard=1513/2000 nodes=186006205 sols=0 skip_q=0 skip_num=0 skip_sieve=0 prefixes=153907908 wide=10251
DONE M=13856993 shard=1514/2000 nodes=194342359 sols=0 skip_q=0 skip_num=0 skip_sieve=0 prefixes=153907908 wide=10340
DONE M=13856993 shard=1515/2000 nodes=155130457 sols=0 skip_q=0 skip_num=0 skip_sieve=0 prefixes=153907908 wide=9823
DONE M=13856993 shard=1516/2000 nodes=188572246 sols=0 skip_q=0 skip_num=0 skip_sieve=0 prefixes=153907908 wide=9461
DONE M=13856993 shard=1517/2000 nodes=185926514 sols=0 skip_q=0 skip_num=0 skip_sieve=0 prefixes=153907908 wide=10575
DONE M=13856993 shard=1518/2000 nodes=191390843 sols=0 skip_q=0 skip_num=0 skip_sieve=0 prefixes=153907908 wide=10266
DONE M=13856993 shard=1519/2000 nodes=251937384 sols=0 skip_q=0 skip_num=0 skip_sieve=0 prefixes=153907908 wide=10608
DONE M=13856993 shard=1520/2000 nodes=213390806 sols=0 skip_q=0 skip_num=0 skip_sieve=0 prefixes=153907908 wide=10062
DONE M=13856993 shard=1521/2000 nodes=156781512 sols=0 skip_q=0 skip_num=0 skip_sieve=0 prefixes=153907908 wide=9196
DONE M=13856993 shard=1522/2000 nodes=164476526 sols=0 skip_q=0 skip_num=0 skip_sieve=0 prefixes=153907908 wide=10196
DONE M=13856993 shard=1523/2000 nodes=161809957 sols=0 skip_q=0 skip_num=0 skip_sieve=0 prefixes=153907908 wide=9635
DONE M=13856993 shard=1524/2000 nodes=392337152 sols=0 skip_q=0 skip_num=0 skip_sieve=0 prefixes=153907908 wide=10465
DONE M=13856993 shard=1525/2000 nodes=157228950 sols=0 skip_q=0 skip_num=0 skip_sieve=0 prefixes=153907908 wide=10217
DONE M=13856993 shard=1526/2000 nodes=153970495 sols=0 skip_q=0 skip_num=0 skip_sieve=0 prefixes=153907908 wide=9331
DONE M=13856993 shard=1527/2000 nodes=181641661 sols=0 skip_q=0 skip_num=0 skip_sieve=0 prefixes=153907908 wide=10524
DONE M=13856993 shard=1528/2000 nodes=295463795 sols=0 skip_q=0 skip_num=0 skip_sieve=0 prefixes=153907908 wide=10402
DONE M=13856993 shard=1529/2000 nodes=237705601 sols=0 skip_q=0 skip_num=0 skip_sieve=0 prefixes=153907908 wide=10243
DONE M=13856993 shard=1530/2000 nodes=160098178 sols=0 skip_q=0 skip_num=0 skip_sieve=0 prefixes=153907908 wide=9935
DONE M=13856993 shard=1531/2000 nodes=171537116 sols=0 skip_q=0 skip_num=0 skip_sieve=0 prefixes=153907908 wide=9440
DONE M=13856993 shard=1532/2000 nodes=204597443 sols=0 skip_q=0 skip_num=0 skip_sieve=0 prefixes=153907908 wide=10320
DONE M=13856993 shard=1533/2000 nodes=224169293 sols=0 skip_q=0 skip_num=0 skip_sieve=0 prefixes=153907908 wide=10591
DONE M=13856993 shard=1534/2000 nodes=177917524 sols=0 skip_q=0 skip_num=0 skip_sieve=0 prefixes=153907908 wide=10332
DONE M=13856993 shard=1535/2000 nodes=160351829 sols=0 skip_q=0 skip_num=0 skip_sieve=0 prefixes=153907908 wide=10044
DONE M=13856993 shard=1536/2000 nodes=214334013 sols=0 skip_q=0 skip_num=0 skip_sieve=0 prefixes=153907908 wide=9358
DONE M=13856993 shard=1537/2000 nodes=164907398 sols=0 skip_q=0 skip_num=0 skip_sieve=0 prefixes=153907908 wide=10221
DONE M=13856993 shard=1538/2000 nodes=198544114 sols=0 skip_q=0 skip_num=0 skip_sieve=0 prefixes=153907908 wide=10281
DONE M=13856993 shard=1539/2000 nodes=237589165 sols=0 skip_q=0 skip_num=0 skip_sieve=0 prefixes=153907908 wide=9621
DONE M=13856993 shard=1540/2000 nodes=190568315 sols=0 skip_q=0 skip_num=0 skip_sieve=0 prefixes=153907908 wide=10065
DONE M=13856993 shard=1541/2000 nodes=173531384 sols=0 skip_q=0 skip_num=0 skip_sieve=0 prefixes=153907908 wide=9553
DONE M=13856993 shard=1542/2000 nodes=158908976 sols=0 skip_q=0 skip_num=0 skip_sieve=0 prefixes=153907908 wide=10187
DONE M=13856993 shard=1543/2000 nodes=195263926 sols=0 skip_q=0 skip_num=0 skip_sieve=0 prefixes=153907908 wide=10616
DONE M=13856993 shard=1544/2000 nodes=455525644 sols=0 skip_q=0 skip_num=0 skip_sieve=0 prefixes=153907908 wide=10464
DONE M=13856993 shard=1545/2000 nodes=155588587 sols=0 skip_q=0 skip_num=0 skip_sieve=0 prefixes=153907908 wide=10172
DONE M=13856993 shard=1546/2000 nodes=177632522 sols=0 skip_q=0 skip_num=0 skip_sieve=0 prefixes=153907908 wide=9339
DONE M=13856993 shard=1547/2000 nodes=170273771 sols=0 skip_q=0 skip_num=0 skip_sieve=0 prefixes=153907908 wide=10307
DONE M=13856993 shard=1548/2000 nodes=238683106 sols=0 skip_q=0 skip_num=0 skip_sieve=0 prefixes=153907908 wide=10403
DONE M=13856993 shard=1549/2000 nodes=312791365 sols=0 skip_q=0 skip_num=0 skip_sieve=0 prefixes=153907908 wide=10600
DONE M=13856993 shard=1550/2000 nodes=136604180 sols=0 skip_q=0 skip_num=0 skip_sieve=0 prefixes=153907908 wide=9732
DONE M=13856993 shard=1551/2000 nodes=177271251 sols=0 skip_q=0 skip_num=0 skip_sieve=0 prefixes=153907908 wide=9847
DONE M=13856993 shard=1552/2000 nodes=233306980 sols=0 skip_q=0 skip_num=0 skip_sieve=0 prefixes=153907908 wide=10329
DONE M=13856993 shard=1553/2000 nodes=183893742 sols=0 skip_q=0 skip_num=0 skip_sieve=0 prefixes=153907908 wide=10251
DONE M=13856993 shard=1554/2000 nodes=183765170 sols=0 skip_q=0 skip_num=0 skip_sieve=0 prefixes=153907908 wide=10337
DONE M=13856993 shard=1555/2000 nodes=142404342 sols=0 skip_q=0 skip_num=0 skip_sieve=0 prefixes=153907908 wide=9050
DONE M=13856993 shard=1556/2000 nodes=185124059 sols=0 skip_q=0 skip_num=0 skip_sieve=0 prefixes=153907908 wide=9292
DONE M=13856993 shard=1557/2000 nodes=185390507 sols=0 skip_q=0 skip_num=0 skip_sieve=0 prefixes=153907908 wide=10574
DONE M=13856993 shard=1558/2000 nodes=215181108 sols=0 skip_q=0 skip_num=0 skip_sieve=0 prefixes=153907908 wide=10285
DONE M=13856993 shard=1559/2000 nodes=253352132 sols=0 skip_q=0 skip_num=0 skip_sieve=0 prefixes=153907908 wide=10615
DONE M=13856993 shard=1560/2000 nodes=247345542 sols=0 skip_q=0 skip_num=0 skip_sieve=0 prefixes=153907908 wide=10059
DONE M=13856993 shard=1561/2000 nodes=166216190 sols=0 skip_q=0 skip_num=0 skip_sieve=0 prefixes=153907908 wide=9198
DONE M=13856993 shard=1562/2000 nodes=177541998 sols=0 skip_q=0 skip_num=0 skip_sieve=0 prefixes=153907908 wide=10195
DONE M=13856993 shard=1563/2000 nodes=180551550 sols=0 skip_q=0 skip_num=0 skip_sieve=0 prefixes=153907908 wide=10392
DONE M=13856993 shard=1564/2000 nodes=313340350 sols=0 skip_q=0 skip_num=0 skip_sieve=0 prefixes=153907908 wide=10468
DONE M=13856993 shard=1565/2000 nodes=161794839 sols=0 skip_q=0 skip_num=0 skip_sieve=0 prefixes=153907908 wide=10220
DONE M=13856993 shard=1566/2000 nodes=154740365 sols=0 skip_q=0 skip_num=0 skip_sieve=0 prefixes=153907908 wide=9320
DONE M=13856993 shard=1567/2000 nodes=178928233 sols=0 skip_q=0 skip_num=0 skip_sieve=0 prefixes=153907908 wide=10533
DONE M=13856993 shard=1568/2000 nodes=265311505 sols=0 skip_q=0 skip_num=0 skip_sieve=0 prefixes=153907908 wide=10410
DONE M=13856993 shard=1569/2000 nodes=238420711 sols=0 skip_q=0 skip_num=0 skip_sieve=0 prefixes=153907908 wide=10244
DONE M=13856993 shard=1570/2000 nodes=149368450 sols=0 skip_q=0 skip_num=0 skip_sieve=0 prefixes=153907908 wide=9929
DONE M=13856993 shard=1571/2000 nodes=163859888 sols=0 skip_q=0 skip_num=0 skip_sieve=0 prefixes=153907908 wide=8844
DONE M=13856993 shard=1572/2000 nodes=202512512 sols=0 skip_q=0 skip_num=0 skip_sieve=0 prefixes=153907908 wide=10327
DONE M=13856993 shard=1573/2000 nodes=204639114 sols=0 skip_q=0 skip_num=0 skip_sieve=0 prefixes=153907908 wide=10600
DONE M=13856993 shard=1574/2000 nodes=193376768 sols=0 skip_q=0 skip_num=0 skip_sieve=0 prefixes=153907908 wide=10339
DONE M=13856993 shard=1575/2000 nodes=160459556 sols=0 skip_q=0 skip_num=0 skip_sieve=0 prefixes=153907908 wide=10033
DONE M=13856993 shard=1576/2000 nodes=246725314 sols=0 skip_q=0 skip_num=0 skip_sieve=0 prefixes=153907908 wide=9460
DONE M=13856993 shard=1577/2000 nodes=170736175 sols=0 skip_q=0 skip_num=0 skip_sieve=0 prefixes=153907908 wide=10221
DONE M=13856993 shard=1578/2000 nodes=210156908 sols=0 skip_q=0 skip_num=0 skip_sieve=0 prefixes=153907908 wide=10275
DONE M=13856993 shard=1579/2000 nodes=245581167 sols=0 skip_q=0 skip_num=0 skip_sieve=0 prefixes=153907908 wide=10396
DONE M=13856993 shard=1580/2000 nodes=186919629 sols=0 skip_q=0 skip_num=0 skip_sieve=0 prefixes=153907908 wide=10073
DONE M=13856993 shard=1581/2000 nodes=168555024 sols=0 skip_q=0 skip_num=0 skip_sieve=0 prefixes=153907908 wide=9396
DONE M=13856993 shard=1582/2000 nodes=157693935 sols=0 skip_q=0 skip_num=0 skip_sieve=0 prefixes=153907908 wide=10186
DONE M=13856993 shard=1583/2000 nodes=211509321 sols=0 skip_q=0 skip_num=0 skip_sieve=0 prefixes=153907908 wide=10622
DONE M=13856993 shard=1584/2000 nodes=376601073 sols=0 skip_q=0 skip_num=0 skip_sieve=0 prefixes=153907908 wide=10474
DONE M=13856993 shard=1585/2000 nodes=155203304 sols=0 skip_q=0 skip_num=0 skip_sieve=0 prefixes=153907908 wide=10175
DONE M=13856993 shard=1586/2000 nodes=176830876 sols=0 skip_q=0 skip_num=0 skip_sieve=0 prefixes=153907908 wide=9219
DONE M=13856993 shard=1587/2000 nodes=161769484 sols=0 skip_q=0 skip_num=0 skip_sieve=0 prefixes=153907908 wide=9534
DONE M=13856993 shard=1588/2000 nodes=236843390 sols=0 skip_q=0 skip_num=0 skip_sieve=0 prefixes=153907908 wide=10417
DONE M=13856993 shard=1589/2000 nodes=258880354 sols=0 skip_q=0 skip_num=0 skip_sieve=0 prefixes=153907908 wide=10599
DONE M=13856993 shard=1590/2000 nodes=144034186 sols=0 skip_q=0 skip_num=0 skip_sieve=0 prefixes=153907908 wide=9934
DONE M=13856993 shard=1591/2000 nodes=179242296 sols=0 skip_q=0 skip_num=0 skip_sieve=0 prefixes=153907908 wide=9853
DONE M=13856993 shard=1592/2000 nodes=264111885 sols=0 skip_q=0 skip_num=0 skip_sieve=0 prefixes=153907908 wide=10318
DONE M=13856993 shard=1593/2000 nodes=184968384 sols=0 skip_q=0 skip_num=0 skip_sieve=0 prefixes=153907908 wide=10246
DONE M=13856993 shard=1594/2000 nodes=195531642 sols=0 skip_q=0 skip_num=0 skip_sieve=0 prefixes=153907908 wide=10338
DONE M=13856993 shard=1595/2000 nodes=152484667 sols=0 skip_q=0 skip_num=0 skip_sieve=0 prefixes=153907908 wide=9815
DONE M=13856993 shard=1596/2000 nodes=187783757 sols=0 skip_q=0 skip_num=0 skip_sieve=0 prefixes=153907908 wide=9456
DONE M=13856993 shard=1597/2000 nodes=183182186 sols=0 skip_q=0 skip_num=0 skip_sieve=0 prefixes=153907908 wide=10571
DONE M=13856993 shard=1598/2000 nodes=195726729 sols=0 skip_q=0 skip_num=0 skip_sieve=0 prefixes=153907908 wide=10275
DONE M=13856993 shard=1599/2000 nodes=342563404 sols=0 skip_q=0 skip_num=0 skip_sieve=0 prefixes=153907908 wide=10623
DONE M=13856993 shard=1600/2000 nodes=206895977 sols=0 skip_q=0 skip_num=0 skip_sieve=0 prefixes=153907908 wide=9868
DONE M=13856993 shard=1601/2000 nodes=156836085 sols=0 skip_q=0 skip_num=0 skip_sieve=0 prefixes=153907908 wide=9197
DONE M=13856993 shard=1602/2000 nodes=167888647 sols=0 skip_q=0 skip_num=0 skip_sieve=0 prefixes=153907908 wide=10187
DONE M=13856993 shard=1603/2000 nodes=157409379 sols=0 skip_q=0 skip_num=0 skip_sieve=0 prefixes=153907908 wide=9618
DONE M=13856993 shard=1604/2000 nodes=313426302 sols=0 skip_q=0 skip_num=0 skip_sieve=0 prefixes=153907908 wide=10468
DONE M=13856993 shard=1605/2000 nodes=158540306 sols=0 skip_q=0 skip_num=0 skip_sieve=0 prefixes=153907908 wide=10236
DONE M=13856993 shard=1606/2000 nodes=149340194 sols=0 skip_q=0 skip_num=0 skip_sieve=0 prefixes=153907908 wide=9165
DONE M=13856993 shard=1607/2000 nodes=179811421 sols=0 skip_q=0 skip_num=0 skip_sieve=0 prefixes=153907908 wide=10518
DONE M=13856993 shard=1608/2000 nodes=319771729 sols=0 skip_q=0 skip_num=0 skip_sieve=0 prefixes=153907908 wide=10398
DONE M=13856993 shard=1609/2000 nodes=240350407 sols=0 skip_q=0 skip_num=0 skip_sieve=0 prefixes=153907908 wide=10255
DONE M=13856993 shard=1610/2000 nodes=160385075 sols=0 skip_q=0 skip_num=0 skip_sieve=0 prefixes=153907908 wide=9931
DONE M=13856993 shard=1611/2000 nodes=187242152 sols=0 skip_q=0 skip_num=0 skip_sieve=0 prefixes=153907908 wide=9618
DONE M=13856993 shard=1612/2000 nodes=203825085 sols=0 skip_q=0 skip_num=0 skip_sieve=0 prefixes=153907908 wide=10322
DONE M=13856993 shard=1613/2000 nodes=204545301 sols=0 skip_q=0 skip_num=0 skip_sieve=0 prefixes=153907908 wide=10607
DONE M=13856993 shard=1614/2000 nodes=177438474 sols=0 skip_q=0 skip_num=0 skip_sieve=0 prefixes=153907908 wide=10335
DONE M=13856993 shard=1615/2000 nodes=162359730 sols=0 skip_q=0 skip_num=0 skip_sieve=0 prefixes=153907908 wide=10062
DONE M=13856993 shard=1616/2000 nodes=213796796 sols=0 skip_q=0 skip_num=0 skip_sieve=0 prefixes=153907908 wide=9464
DONE M=13856993 shard=1617/2000 nodes=167459075 sols=0 skip_q=0 skip_num=0 skip_sieve=0 prefixes=153907908 wide=10208
DONE M=13856993 shard=1618/2000 nodes=199700619 sols=0 skip_q=0 skip_num=0 skip_sieve=0 prefixes=153907908 wide=10273
DONE M=13856993 shard=1619/2000 nodes=235936924 sols=0 skip_q=0 skip_num=0 skip_sieve=0 prefixes=153907908 wide=9630
DONE M=13856993 shard=1620/2000 nodes=187216373 sols=0 skip_q=0 skip_num=0 skip_sieve=0 prefixes=153907908 wide=10061
DONE M=13856993 shard=1621/2000 nodes=173245237 sols=0 skip_q=0 skip_num=0 skip_sieve=0 prefixes=153907908 wide=9557
DONE M=13856993 shard=1622/2000 nodes=157148377 sols=0 skip_q=0 skip_num=0 skip_sieve=0 prefixes=153907908 wide=10179
DONE M=13856993 shard=1623/2000 nodes=195555518 sols=0 skip_q=0 skip_num=0 skip_sieve=0 prefixes=153907908 wide=10631
DONE M=13856993 shard=1624/2000 nodes=577353311 sols=0 skip_q=0 skip_num=0 skip_sieve=0 prefixes=153907908 wide=10462
DONE M=13856993 shard=1625/2000 nodes=154591490 sols=0 skip_q=0 skip_num=0 skip_sieve=0 prefixes=153907908 wide=10179
DONE M=13856993 shard=1626/2000 nodes=177207065 sols=0 skip_q=0 skip_num=0 skip_sieve=0 prefixes=153907908 wide=9329
DONE M=13856993 shard=1627/2000 nodes=176021803 sols=0 skip_q=0 skip_num=0 skip_sieve=0 prefixes=153907908 wide=10308
DONE M=13856993 shard=1628/2000 nodes=238526944 sols=0 skip_q=0 skip_num=0 skip_sieve=0 prefixes=153907908 wide=10411
DONE M=13856993 shard=1629/2000 nodes=256466211 sols=0 skip_q=0 skip_num=0 skip_sieve=0 prefixes=153907908 wide=10602
DONE M=13856993 shard=1630/2000 nodes=141341259 sols=0 skip_q=0 skip_num=0 skip_sieve=0 prefixes=153907908 wide=9951
DONE M=13856993 shard=1631/2000 nodes=177655422 sols=0 skip_q=0 skip_num=0 skip_sieve=0 prefixes=153907908 wide=9679
DONE M=13856993 shard=1632/2000 nodes=231840057 sols=0 skip_q=0 skip_num=0 skip_sieve=0 prefixes=153907908 wide=10312
DONE M=13856993 shard=1633/2000 nodes=217506055 sols=0 skip_q=0 skip_num=0 skip_sieve=0 prefixes=153907908 wide=10242
DONE M=13856993 shard=1634/2000 nodes=183357384 sols=0 skip_q=0 skip_num=0 skip_sieve=0 prefixes=153907908 wide=10322
DONE M=13856993 shard=1635/2000 nodes=143798981 sols=0 skip_q=0 skip_num=0 skip_sieve=0 prefixes=153907908 wide=9046
DONE M=13856993 shard=1636/2000 nodes=188550907 sols=0 skip_q=0 skip_num=0 skip_sieve=0 prefixes=153907908 wide=9362
DONE M=13856993 shard=1637/2000 nodes=183186308 sols=0 skip_q=0 skip_num=0 skip_sieve=0 prefixes=153907908 wide=10564
DONE M=13856993 shard=1638/2000 nodes=192166549 sols=0 skip_q=0 skip_num=0 skip_sieve=0 prefixes=153907908 wide=10266
DONE M=13856993 shard=1639/2000 nodes=252916784 sols=0 skip_q=0 skip_num=0 skip_sieve=0 prefixes=153907908 wide=10606
DONE M=13856993 shard=1640/2000 nodes=250383902 sols=0 skip_q=0 skip_num=0 skip_sieve=0 prefixes=153907908 wide=10056
DONE M=13856993 shard=1641/2000 nodes=157080479 sols=0 skip_q=0 skip_num=0 skip_sieve=0 prefixes=153907908 wide=9199
DONE M=13856993 shard=1642/2000 nodes=181226970 sols=0 skip_q=0 skip_num=0 skip_sieve=0 prefixes=153907908 wide=10202
DONE M=13856993 shard=1643/2000 nodes=180613510 sols=0 skip_q=0 skip_num=0 skip_sieve=0 prefixes=153907908 wide=10378
DONE M=13856993 shard=1644/2000 nodes=315381106 sols=0 skip_q=0 skip_num=0 skip_sieve=0 prefixes=153907908 wide=10466
DONE M=13856993 shard=1645/2000 nodes=162056764 sols=0 skip_q=0 skip_num=0 skip_sieve=0 prefixes=153907908 wide=10233
DONE M=13856993 shard=1646/2000 nodes=153348780 sols=0 skip_q=0 skip_num=0 skip_sieve=0 prefixes=153907908 wide=9323
DONE M=13856993 shard=1647/2000 nodes=175322159 sols=0 skip_q=0 skip_num=0 skip_sieve=0 prefixes=153907908 wide=10531
DONE M=13856993 shard=1648/2000 nodes=265233154 sols=0 skip_q=0 skip_num=0 skip_sieve=0 prefixes=153907908 wide=10395
DONE M=13856993 shard=1649/2000 nodes=293868304 sols=0 skip_q=0 skip_num=0 skip_sieve=0 prefixes=153907908 wide=10244
DONE M=13856993 shard=1650/2000 nodes=143940222 sols=0 skip_q=0 skip_num=0 skip_sieve=0 prefixes=153907908 wide=9732
DONE M=13856993 shard=1651/2000 nodes=162468502 sols=0 skip_q=0 skip_num=0 skip_sieve=0 prefixes=153907908 wide=8847
DONE M=13856993 shard=1652/2000 nodes=206468561 sols=0 skip_q=0 skip_num=0 skip_sieve=0 prefixes=153907908 wide=10329
DONE M=13856993 shard=1653/2000 nodes=203650588 sols=0 skip_q=0 skip_num=0 skip_sieve=0 prefixes=153907908 wide=10605
DONE M=13856993 shard=1654/2000 nodes=177694826 sols=0 skip_q=0 skip_num=0 skip_sieve=0 prefixes=153907908 wide=10335
DONE M=13856993 shard=1655/2000 nodes=160695240 sols=0 skip_q=0 skip_num=0 skip_sieve=0 prefixes=153907908 wide=10058
DONE M=13856993 shard=1656/2000 nodes=245811322 sols=0 skip_q=0 skip_num=0 skip_sieve=0 prefixes=153907908 wide=9295
DONE M=13856993 shard=1657/2000 nodes=168546373 sols=0 skip_q=0 skip_num=0 skip_sieve=0 prefixes=153907908 wide=10220
DONE M=13856993 shard=1658/2000 nodes=232273075 sols=0 skip_q=0 skip_num=0 skip_sieve=0 prefixes=153907908 wide=10275
DONE M=13856993 shard=1659/2000 nodes=246980265 sols=0 skip_q=0 skip_num=0 skip_sieve=0 prefixes=153907908 wide=10393
DONE M=13856993 shard=1660/2000 nodes=185653114 sols=0 skip_q=0 skip_num=0 skip_sieve=0 prefixes=153907908 wide=10063
DONE M=13856993 shard=1661/2000 nodes=179001207 sols=0 skip_q=0 skip_num=0 skip_sieve=0 prefixes=153907908 wide=9545
DONE M=13856993 shard=1662/2000 nodes=157277972 sols=0 skip_q=0 skip_num=0 skip_sieve=0 prefixes=153907908 wide=10186
DONE M=13856993 shard=1663/2000 nodes=195707755 sols=0 skip_q=0 skip_num=0 skip_sieve=0 prefixes=153907908 wide=10620
DONE M=13856993 shard=1664/2000 nodes=375236143 sols=0 skip_q=0 skip_num=0 skip_sieve=0 prefixes=153907908 wide=10478
DONE M=13856993 shard=1665/2000 nodes=156880553 sols=0 skip_q=0 skip_num=0 skip_sieve=0 prefixes=153907908 wide=10167
DONE M=13856993 shard=1666/2000 nodes=164662118 sols=0 skip_q=0 skip_num=0 skip_sieve=0 prefixes=153907908 wide=9332
DONE M=13856993 shard=1667/2000 nodes=164952423 sols=0 skip_q=0 skip_num=0 skip_sieve=0 prefixes=153907908 wide=9537
DONE M=13856993 shard=1668/2000 nodes=239992799 sols=0 skip_q=0 skip_num=0 skip_sieve=0 prefixes=153907908 wide=10406
DONE M=13856993 shard=1669/2000 nodes=258077993 sols=0 skip_q=0 skip_num=0 skip_sieve=0 prefixes=153907908 wide=10609
DONE M=13856993 shard=1670/2000 nodes=142631433 sols=0 skip_q=0 skip_num=0 skip_sieve=0 prefixes=153907908 wide=9940
DONE M=13856993 shard=1671/2000 nodes=178531601 sols=0 skip_q=0 skip_num=0 skip_sieve=0 prefixes=153907908 wide=9845
DONE M=13856993 shard=1672/2000 nodes=265923625 sols=0 skip_q=0 skip_num=0 skip_sieve=0 prefixes=153907908 wide=10324
DONE M=13856993 shard=1673/2000 nodes=183858929 sols=0 skip_q=0 skip_num=0 skip_sieve=0 prefixes=153907908 wide=10257
DONE M=13856993 shard=1674/2000 nodes=211627643 sols=0 skip_q=0 skip_num=0 skip_sieve=0 prefixes=153907908 wide=10335
DONE M=13856993 shard=1675/2000 nodes=151768956 sols=0 skip_q=0 skip_num=0 skip_sieve=0 prefixes=153907908 wide=9818
DONE M=13856993 shard=1676/2000 nodes=186949207 sols=0 skip_q=0 skip_num=0 skip_sieve=0 prefixes=153907908 wide=9459
DONE M=13856993 shard=1677/2000 nodes=188311193 sols=0 skip_q=0 skip_num=0 skip_sieve=0 prefixes=153907908 wide=10578
DONE M=13856993 shard=1678/2000 nodes=191398403 sols=0 skip_q=0 skip_num=0 skip_sieve=0 prefixes=153907908 wide=10278
DONE M=13856993 shard=1679/2000 nodes=250405437 sols=0 skip_q=0 skip_num=0 skip_sieve=0 prefixes=153907908 wide=10612
DONE M=13856993 shard=1680/2000 nodes=213220732 sols=0 skip_q=0 skip_num=0 skip_sieve=0 prefixes=153907908 wide=10069
DONE M=13856993 shard=1681/2000 nodes=156809674 sols=0 skip_q=0 skip_num=0 skip_sieve=0 prefixes=153907908 wide=9047
DONE M=13856993 shard=1682/2000 nodes=164935906 sols=0 skip_q=0 skip_num=0 skip_sieve=0 prefixes=153907908 wide=10180
DONE M=13856993 shard=1683/2000 nodes=164292944 sols=0 skip_q=0 skip_num=0 skip_sieve=0 prefixes=153907908 wide=9629
DONE M=13856993 shard=1684/2000 nodes=316077441 sols=0 skip_q=0 skip_num=0 skip_sieve=0 prefixes=153907908 wide=10464
DONE M=13856993 shard=1685/2000 nodes=159163450 sols=0 skip_q=0 skip_num=0 skip_sieve=0 prefixes=153907908 wide=10222
DONE M=13856993 shard=1686/2000 nodes=163777285 sols=0 skip_q=0 skip_num=0 skip_sieve=0 prefixes=153907908 wide=9228
DONE M=13856993 shard=1687/2000 nodes=176756524 sols=0 skip_q=0 skip_num=0 skip_sieve=0 prefixes=153907908 wide=10529
DONE M=13856993 shard=1688/2000 nodes=296736511 sols=0 skip_q=0 skip_num=0 skip_sieve=0 prefixes=153907908 wide=10403
DONE M=13856993 shard=1689/2000 nodes=241090198 sols=0 skip_q=0 skip_num=0 skip_sieve=0 prefixes=153907908 wide=10255
DONE M=13856993 shard=1690/2000 nodes=161864015 sols=0 skip_q=0 skip_num=0 skip_sieve=0 prefixes=153907908 wide=9933
DONE M=13856993 shard=1691/2000 nodes=172610552 sols=0 skip_q=0 skip_num=0 skip_sieve=0 prefixes=153907908 wide=9618
DONE M=13856993 shard=1692/2000 nodes=202782351 sols=0 skip_q=0 skip_num=0 skip_sieve=0 prefixes=153907908 wide=10321
DONE M=13856993 shard=1693/2000 nodes=203535960 sols=0 skip_q=0 skip_num=0 skip_sieve=0 prefixes=153907908 wide=10607
DONE M=13856993 shard=1694/2000 nodes=177958631 sols=0 skip_q=0 skip_num=0 skip_sieve=0 prefixes=153907908 wide=10338
DONE M=13856993 shard=1695/2000 nodes=159239109 sols=0 skip_q=0 skip_num=0 skip_sieve=0 prefixes=153907908 wide=10060
DONE M=13856993 shard=1696/2000 nodes=213128992 sols=0 skip_q=0 skip_num=0 skip_sieve=0 prefixes=153907908 wide=9460
DONE M=13856993 shard=1697/2000 nodes=165564500 sols=0 skip_q=0 skip_num=0 skip_sieve=0 prefixes=153907908 wide=10221
DONE M=13856993 shard=1698/2000 nodes=199932907 sols=0 skip_q=0 skip_num=0 skip_sieve=0 prefixes=153907908 wide=10272
DONE M=13856993 shard=1699/2000 nodes=292677876 sols=0 skip_q=0 skip_num=0 skip_sieve=0 prefixes=153907908 wide=9625
DONE M=13856993 shard=1700/2000 nodes=182822606 sols=0 skip_q=0 skip_num=0 skip_sieve=0 prefixes=153907908 wide=9871
DONE M=13856993 shard=1701/2000 nodes=173268281 sols=0 skip_q=0 skip_num=0 skip_sieve=0 prefixes=153907908 wide=9547
DONE M=13856993 shard=1702/2000 nodes=159532689 sols=0 skip_q=0 skip_num=0 skip_sieve=0 prefixes=153907908 wide=10176
DONE M=13856993 shard=1703/2000 nodes=193933768 sols=0 skip_q=0 skip_num=0 skip_sieve=0 prefixes=153907908 wide=10621
DONE M=13856993 shard=1704/2000 nodes=454303828 sols=0 skip_q=0 skip_num=0 skip_sieve=0 prefixes=153907908 wide=10474
DONE M=13856993 shard=1705/2000 nodes=155977835 sols=0 skip_q=0 skip_num=0 skip_sieve=0 prefixes=153907908 wide=10177
DONE M=13856993 shard=1706/2000 nodes=172688143 sols=0 skip_q=0 skip_num=0 skip_sieve=0 prefixes=153907908 wide=9169
DONE M=13856993 shard=1707/2000 nodes=174296855 sols=0 skip_q=0 skip_num=0 skip_sieve=0 prefixes=153907908 wide=10301
DONE M=13856993 shard=1708/2000 nodes=261047102 sols=0 skip_q=0 skip_num=0 skip_sieve=0 prefixes=153907908 wide=10406
DONE M=13856993 shard=1709/2000 nodes=257809554 sols=0 skip_q=0 skip_num=0 skip_sieve=0 prefixes=153907908 wide=10613
DONE M=13856993 shard=1710/2000 nodes=142637814 sols=0 skip_q=0 skip_num=0 skip_sieve=0 prefixes=153907908 wide=9946
DONE M=13856993 shard=1711/2000 nodes=187560364 sols=0 skip_q=0 skip_num=0 skip_sieve=0 prefixes=153907908 wide=9855
DONE M=13856993 shard=1712/2000 nodes=228831494 sols=0 skip_q=0 skip_num=0 skip_sieve=0 prefixes=153907908 wide=10322
DONE M=13856993 shard=1713/2000 nodes=185274319 sols=0 skip_q=0 skip_num=0 skip_sieve=0 prefixes=153907908 wide=10238
DONE M=13856993 shard=1714/2000 nodes=184170710 sols=0 skip_q=0 skip_num=0 skip_sieve=0 prefixes=153907908 wide=10335
DONE M=13856993 shard=1715/2000 nodes=145823132 sols=0 skip_q=0 skip_num=0 skip_sieve=0 prefixes=153907908 wide=9059
DONE M=13856993 shard=1716/2000 nodes=187645085 sols=0 skip_q=0 skip_num=0 skip_sieve=0 prefixes=153907908 wide=9461
DONE M=13856993 shard=1717/2000 nodes=188347747 sols=0 skip_q=0 skip_num=0 skip_sieve=0 prefixes=153907908 wide=10559
DONE M=13856993 shard=1718/2000 nodes=193105374 sols=0 skip_q=0 skip_num=0 skip_sieve=0 prefixes=153907908 wide=10270
DONE M=13856993 shard=1719/2000 nodes=251961837 sols=0 skip_q=0 skip_num=0 skip_sieve=0 prefixes=153907908 wide=10623
DONE M=13856993 shard=1720/2000 nodes=245912647 sols=0 skip_q=0 skip_num=0 skip_sieve=0 prefixes=153907908 wide=10069
DONE M=13856993 shard=1721/2000 nodes=156413268 sols=0 skip_q=0 skip_num=0 skip_sieve=0 prefixes=153907908 wide=9202
DONE M=13856993 shard=1722/2000 nodes=176375882 sols=0 skip_q=0 skip_num=0 skip_sieve=0 prefixes=153907908 wide=10182
DONE M=13856993 shard=1723/2000 nodes=182821100 sols=0 skip_q=0 skip_num=0 skip_sieve=0 prefixes=153907908 wide=10388
DONE M=13856993 shard=1724/2000 nodes=436704024 sols=0 skip_q=0 skip_num=0 skip_sieve=0 prefixes=153907908 wide=10468
DONE M=13856993 shard=1725/2000 nodes=161494104 sols=0 skip_q=0 skip_num=0 skip_sieve=0 prefixes=153907908 wide=10234
DONE M=13856993 shard=1726/2000 nodes=153150812 sols=0 skip_q=0 skip_num=0 skip_sieve=0 prefixes=153907908 wide=9332
DONE M=13856993 shard=1727/2000 nodes=181560456 sols=0 skip_q=0 skip_num=0 skip_sieve=0 prefixes=153907908 wide=10535
DONE M=13856993 shard=1728/2000 nodes=264172821 sols=0 skip_q=0 skip_num=0 skip_sieve=0 prefixes=153907908 wide=10404
DONE M=13856993 shard=1729/2000 nodes=237716854 sols=0 skip_q=0 skip_num=0 skip_sieve=0 prefixes=153907908 wide=10263
DONE M=13856993 shard=1730/2000 nodes=149193393 sols=0 skip_q=0 skip_num=0 skip_sieve=0 prefixes=153907908 wide=9936
DONE M=13856993 shard=1731/2000 nodes=162678411 sols=0 skip_q=0 skip_num=0 skip_sieve=0 prefixes=153907908 wide=8708
DONE M=13856993 shard=1732/2000 nodes=204536121 sols=0 skip_q=0 skip_num=0 skip_sieve=0 prefixes=153907908 wide=10310
DONE M=13856993 shard=1733/2000 nodes=223512221 sols=0 skip_q=0 skip_num=0 skip_sieve=0 prefixes=153907908 wide=10595
DONE M=13856993 shard=1734/2000 nodes=176113112 sols=0 skip_q=0 skip_num=0 skip_sieve=0 prefixes=153907908 wide=10330
DONE M=13856993 shard=1735/2000 nodes=162575352 sols=0 skip_q=0 skip_num=0 skip_sieve=0 prefixes=153907908 wide=10048
DONE M=13856993 shard=1736/2000 nodes=248390661 sols=0 skip_q=0 skip_num=0 skip_sieve=0 prefixes=153907908 wide=9367
DONE M=13856993 shard=1737/2000 nodes=165994692 sols=0 skip_q=0 skip_num=0 skip_sieve=0 prefixes=153907908 wide=10207
DONE M=13856993 shard=1738/2000 nodes=209915911 sols=0 skip_q=0 skip_num=0 skip_sieve=0 prefixes=153907908 wide=10281
DONE M=13856993 shard=1739/2000 nodes=247060112 sols=0 skip_q=0 skip_num=0 skip_sieve=0 prefixes=153907908 wide=10399
DONE M=13856993 shard=1740/2000 nodes=190403334 sols=0 skip_q=0 skip_num=0 skip_sieve=0 prefixes=153907908 wide=10068
DONE M=13856993 shard=1741/2000 nodes=171100228 sols=0 skip_q=0 skip_num=0 skip_sieve=0 prefixes=153907908 wide=9557
DONE M=13856993 shard=1742/2000 nodes=160494846 sols=0 skip_q=0 skip_num=0 skip_sieve=0 prefixes=153907908 wide=10195
DONE M=13856993 shard=1743/2000 nodes=194871117 sols=0 skip_q=0 skip_num=0 skip_sieve=0 prefixes=153907908 wide=10632
DONE M=13856993 shard=1744/2000 nodes=376117859 sols=0 skip_q=0 skip_num=0 skip_sieve=0 prefixes=153907908 wide=10468
DONE M=13856993 shard=1745/2000 nodes=155788744 sols=0 skip_q=0 skip_num=0 skip_sieve=0 prefixes=153907908 wide=10173
DONE M=13856993 shard=1746/2000 nodes=162763303 sols=0 skip_q=0 skip_num=0 skip_sieve=0 prefixes=153907908 wide=9330
DONE M=13856993 shard=1747/2000 nodes=162897971 sols=0 skip_q=0 skip_num=0 skip_sieve=0 prefixes=153907908 wide=9537
DONE M=13856993 shard=1748/2000 nodes=239269999 sols=0 skip_q=0 skip_num=0 skip_sieve=0 prefixes=153907908 wide=10406
DONE M=13856993 shard=1749/2000 nodes=313497116 sols=0 skip_q=0 skip_num=0 skip_sieve=0 prefixes=153907908 wide=10612
DONE M=13856993 shard=1750/2000 nodes=135938135 sols=0 skip_q=0 skip_num=0 skip_sieve=0 prefixes=153907908 wide=9734
DONE M=13856993 shard=1751/2000 nodes=179109299 sols=0 skip_q=0 skip_num=0 skip_sieve=0 prefixes=153907908 wide=9848
DONE M=13856993 shard=1752/2000 nodes=269065781 sols=0 skip_q=0 skip_num=0 skip_sieve=0 prefixes=153907908 wide=10326
DONE M=13856993 shard=1753/2000 nodes=185453853 sols=0 skip_q=0 skip_num=0 skip_sieve=0 prefixes=153907908 wide=10248
DONE M=13856993 shard=1754/2000 nodes=195346200 sols=0 skip_q=0 skip_num=0 skip_sieve=0 prefixes=153907908 wide=10341
DONE M=13856993 shard=1755/2000 nodes=151462151 sols=0 skip_q=0 skip_num=0 skip_sieve=0 prefixes=153907908 wide=9817
DONE M=13856993 shard=1756/2000 nodes=186050513 sols=0 skip_q=0 skip_num=0 skip_sieve=0 prefixes=153907908 wide=9291
DONE M=13856993 shard=1757/2000 nodes=187758295 sols=0 skip_q=0 skip_num=0 skip_sieve=0 prefixes=153907908 wide=10571
DONE M=13856993 shard=1758/2000 nodes=229214408 sols=0 skip_q=0 skip_num=0 skip_sieve=0 prefixes=153907908 wide=10266
DONE M=13856993 shard=1759/2000 nodes=253850818 sols=0 skip_q=0 skip_num=0 skip_sieve=0 prefixes=153907908 wide=10615
DONE M=13856993 shard=1760/2000 nodes=212773837 sols=0 skip_q=0 skip_num=0 skip_sieve=0 prefixes=153907908 wide=10068
DONE M=13856993 shard=1761/2000 nodes=167231926 sols=0 skip_q=0 skip_num=0 skip_sieve=0 prefixes=153907908 wide=9209
DONE M=13856993 shard=1762/2000 nodes=165371341 sols=0 skip_q=0 skip_num=0 skip_sieve=0 prefixes=153907908 wide=10183
DONE M=13856993 shard=1763/2000 nodes=159741355 sols=0 skip_q=0 skip_num=0 skip_sieve=0 prefixes=153907908 wide=9622
DONE M=13856993 shard=1764/2000 nodes=314906162 sols=0 skip_q=0 skip_num=0 skip_sieve=0 prefixes=153907908 wide=10469
DONE M=13856993 shard=1765/2000 nodes=159402815 sols=0 skip_q=0 skip_num=0 skip_sieve=0 prefixes=153907908 wide=10228
DONE M=13856993 shard=1766/2000 nodes=154753085 sols=0 skip_q=0 skip_num=0 skip_sieve=0 prefixes=153907908 wide=9328
DONE M=13856993 shard=1767/2000 nodes=179459110 sols=0 skip_q=0 skip_num=0 skip_sieve=0 prefixes=153907908 wide=10531
DONE M=13856993 shard=1768/2000 nodes=298307380 sols=0 skip_q=0 skip_num=0 skip_sieve=0 prefixes=153907908 wide=10404
DONE M=13856993 shard=1769/2000 nodes=238376894 sols=0 skip_q=0 skip_num=0 skip_sieve=0 prefixes=153907908 wide=10236
DONE M=13856993 shard=1770/2000 nodes=158706398 sols=0 skip_q=0 skip_num=0 skip_sieve=0 prefixes=153907908 wide=9936
DONE M=13856993 shard=1771/2000 nodes=172162393 sols=0 skip_q=0 skip_num=0 skip_sieve=0 prefixes=153907908 wide=9622
DONE M=13856993 shard=1772/2000 nodes=201593798 sols=0 skip_q=0 skip_num=0 skip_sieve=0 prefixes=153907908 wide=10326
DONE M=13856993 shard=1773/2000 nodes=203769781 sols=0 skip_q=0 skip_num=0 skip_sieve=0 prefixes=153907908 wide=10602
DONE M=13856993 shard=1774/2000 nodes=194346574 sols=0 skip_q=0 skip_num=0 skip_sieve=0 prefixes=153907908 wide=10339
DONE M=13856993 shard=1775/2000 nodes=158528003 sols=0 skip_q=0 skip_num=0 skip_sieve=0 prefixes=153907908 wide=10049
DONE M=13856993 shard=1776/2000 nodes=212319490 sols=0 skip_q=0 skip_num=0 skip_sieve=0 prefixes=153907908 wide=9450
DONE M=13856993 shard=1777/2000 nodes=169716670 sols=0 skip_q=0 skip_num=0 skip_sieve=0 prefixes=153907908 wide=10230
DONE M=13856993 shard=1778/2000 nodes=199795107 sols=0 skip_q=0 skip_num=0 skip_sieve=0 prefixes=153907908 wide=10286
DONE M=13856993 shard=1779/2000 nodes=236503704 sols=0 skip_q=0 skip_num=0 skip_sieve=0 prefixes=153907908 wide=9626
DONE M=13856993 shard=1780/2000 nodes=188507647 sols=0 skip_q=0 skip_num=0 skip_sieve=0 prefixes=153907908 wide=10057
DONE M=13856993 shard=1781/2000 nodes=171969755 sols=0 skip_q=0 skip_num=0 skip_sieve=0 prefixes=153907908 wide=9399
DONE M=13856993 shard=1782/2000 nodes=157728828 sols=0 skip_q=0 skip_num=0 skip_sieve=0 prefixes=153907908 wide=10184
DONE M=13856993 shard=1783/2000 nodes=211529653 sols=0 skip_q=0 skip_num=0 skip_sieve=0 prefixes=153907908 wide=10623
DONE M=13856993 shard=1784/2000 nodes=454451868 sols=0 skip_q=0 skip_num=0 skip_sieve=0 prefixes=153907908 wide=10466
DONE M=13856993 shard=1785/2000 nodes=156447681 sols=0 skip_q=0 skip_num=0 skip_sieve=0 prefixes=153907908 wide=10170
DONE M=13856993 shard=1786/2000 nodes=196025555 sols=0 skip_q=0 skip_num=0 skip_sieve=0 prefixes=153907908 wide=9223
DONE M=13856993 shard=1787/2000 nodes=169385391 sols=0 skip_q=0 skip_num=0 skip_sieve=0 prefixes=153907908 wide=10293
DONE M=13856993 shard=1788/2000 nodes=237088006 sols=0 skip_q=0 skip_num=0 skip_sieve=0 prefixes=153907908 wide=10414
DONE M=13856993 shard=1789/2000 nodes=258175226 sols=0 skip_q=0 skip_num=0 skip_sieve=0 prefixes=153907908 wide=10605
DONE M=13856993 shard=1790/2000 nodes=145272660 sols=0 skip_q=0 skip_num=0 skip_sieve=0 prefixes=153907908 wide=9946
DONE M=13856993 shard=1791/2000 nodes=178613546 sols=0 skip_q=0 skip_num=0 skip_sieve=0 prefixes=153907908 wide=9833
DONE M=13856993 shard=1792/2000 nodes=228946528 sols=0 skip_q=0 skip_num=0 skip_sieve=0 prefixes=153907908 wide=10313
DONE M=13856993 shard=1793/2000 nodes=185026307 sols=0 skip_q=0 skip_num=0 skip_sieve=0 prefixes=153907908 wide=10246
DONE M=13856993 shard=1794/2000 nodes=183072693 sols=0 skip_q=0 skip_num=0 skip_sieve=0 prefixes=153907908 wide=10349
DONE M=13856993 shard=1795/2000 nodes=142772022 sols=0 skip_q=0 skip_num=0 skip_sieve=0 prefixes=153907908 wide=9056
DONE M=13856993 shard=1796/2000 nodes=187701744 sols=0 skip_q=0 skip_num=0 skip_sieve=0 prefixes=153907908 wide=9460
DONE M=13856993 shard=1797/2000 nodes=182788372 sols=0 skip_q=0 skip_num=0 skip_sieve=0 prefixes=153907908 wide=10567
DONE M=13856993 shard=1798/2000 nodes=193670075 sols=0 skip_q=0 skip_num=0 skip_sieve=0 prefixes=153907908 wide=10282
DONE M=13856993 shard=1799/2000 nodes=307505745 sols=0 skip_q=0 skip_num=0 skip_sieve=0 prefixes=153907908 wide=10615
DONE M=13856993 shard=1800/2000 nodes=241886827 sols=0 skip_q=0 skip_num=0 skip_sieve=0 prefixes=153907908 wide=9875
DONE M=13856993 shard=1801/2000 nodes=156251567 sols=0 skip_q=0 skip_num=0 skip_sieve=0 prefixes=153907908 wide=9191
DONE M=13856993 shard=1802/2000 nodes=179813785 sols=0 skip_q=0 skip_num=0 skip_sieve=0 prefixes=153907908 wide=10181
DONE M=13856993 shard=1803/2000 nodes=180838635 sols=0 skip_q=0 skip_num=0 skip_sieve=0 prefixes=153907908 wide=10403
DONE M=13856993 shard=1804/2000 nodes=313629735 sols=0 skip_q=0 skip_num=0 skip_sieve=0 prefixes=153907908 wide=10469
DONE M=13856993 shard=1805/2000 nodes=162777813 sols=0 skip_q=0 skip_num=0 skip_sieve=0 prefixes=153907908 wide=10220
DONE M=13856993 shard=1806/2000 nodes=150482661 sols=0 skip_q=0 skip_num=0 skip_sieve=0 prefixes=153907908 wide=9163
DONE M=13856993 shard=1807/2000 nodes=178228747 sols=0 skip_q=0 skip_num=0 skip_sieve=0 prefixes=153907908 wide=10527
DONE M=13856993 shard=1808/2000 nodes=286992449 sols=0 skip_q=0 skip_num=0 skip_sieve=0 prefixes=153907908 wide=10405
DONE M=13856993 shard=1809/2000 nodes=238780972 sols=0 skip_q=0 skip_num=0 skip_sieve=0 prefixes=153907908 wide=10253
DONE M=13856993 shard=1810/2000 nodes=149008128 sols=0 skip_q=0 skip_num=0 skip_sieve=0 prefixes=153907908 wide=9936
DONE M=13856993 shard=1811/2000 nodes=172761877 sols=0 skip_q=0 skip_num=0 skip_sieve=0 prefixes=153907908 wide=8849
DONE M=13856993 shard=1812/2000 nodes=203394279 sols=0 skip_q=0 skip_num=0 skip_sieve=0 prefixes=153907908 wide=10318
DONE M=13856993 shard=1813/2000 nodes=203979934 sols=0 skip_q=0 skip_num=0 skip_sieve=0 prefixes=153907908 wide=10604
DONE M=13856993 shard=1814/2000 nodes=177837730 sols=0 skip_q=0 skip_num=0 skip_sieve=0 prefixes=153907908 wide=10331
DONE M=13856993 shard=1815/2000 nodes=165488692 sols=0 skip_q=0 skip_num=0 skip_sieve=0 prefixes=153907908 wide=10045
DONE M=13856993 shard=1816/2000 nodes=248250594 sols=0 skip_q=0 skip_num=0 skip_sieve=0 prefixes=153907908 wide=9456
DONE M=13856993 shard=1817/2000 nodes=168221907 sols=0 skip_q=0 skip_num=0 skip_sieve=0 prefixes=153907908 wide=10213
DONE M=13856993 shard=1818/2000 nodes=210476188 sols=0 skip_q=0 skip_num=0 skip_sieve=0 prefixes=153907908 wide=10271
DONE M=13856993 shard=1819/2000 nodes=245977284 sols=0 skip_q=0 skip_num=0 skip_sieve=0 prefixes=153907908 wide=10393
DONE M=13856993 shard=1820/2000 nodes=188015115 sols=0 skip_q=0 skip_num=0 skip_sieve=0 prefixes=153907908 wide=10069
DONE M=13856993 shard=1821/2000 nodes=171258285 sols=0 skip_q=0 skip_num=0 skip_sieve=0 prefixes=153907908 wide=9548
DONE M=13856993 shard=1822/2000 nodes=157166320 sols=0 skip_q=0 skip_num=0 skip_sieve=0 prefixes=153907908 wide=10186
DONE M=13856993 shard=1823/2000 nodes=195861563 sols=0 skip_q=0 skip_num=0 skip_sieve=0 prefixes=153907908 wide=10629
DONE M=13856993 shard=1824/2000 nodes=473442588 sols=0 skip_q=0 skip_num=0 skip_sieve=0 prefixes=153907908 wide=10479
DONE M=13856993 shard=1825/2000 nodes=155366370 sols=0 skip_q=0 skip_num=0 skip_sieve=0 prefixes=153907908 wide=10174
DONE M=13856993 shard=1826/2000 nodes=161982811 sols=0 skip_q=0 skip_num=0 skip_sieve=0 prefixes=153907908 wide=9316
DONE M=13856993 shard=1827/2000 nodes=169005948 sols=0 skip_q=0 skip_num=0 skip_sieve=0 prefixes=153907908 wide=9531
DONE M=13856993 shard=1828/2000 nodes=235889323 sols=0 skip_q=0 skip_num=0 skip_sieve=0 prefixes=153907908 wide=10409
DONE M=13856993 shard=1829/2000 nodes=256521287 sols=0 skip_q=0 skip_num=0 skip_sieve=0 prefixes=153907908 wide=10597
DONE M=13856993 shard=1830/2000 nodes=141742924 sols=0 skip_q=0 skip_num=0 skip_sieve=0 prefixes=153907908 wide=9932
DONE M=13856993 shard=1831/2000 nodes=177586663 sols=0 skip_q=0 skip_num=0 skip_sieve=0 prefixes=153907908 wide=9690
DONE M=13856993 shard=1832/2000 nodes=267009378 sols=0 skip_q=0 skip_num=0 skip_sieve=0 prefixes=153907908 wide=10315
DONE M=13856993 shard=1833/2000 nodes=206291163 sols=0 skip_q=0 skip_num=0 skip_sieve=0 prefixes=153907908 wide=10249
DONE M=13856993 shard=1834/2000 nodes=194487217 sols=0 skip_q=0 skip_num=0 skip_sieve=0 prefixes=153907908 wide=10322
DONE M=13856993 shard=1835/2000 nodes=152074026 sols=0 skip_q=0 skip_num=0 skip_sieve=0 prefixes=153907908 wide=9830
DONE M=13856993 shard=1836/2000 nodes=187187476 sols=0 skip_q=0 skip_num=0 skip_sieve=0 prefixes=153907908 wide=9367
DONE M=13856993 shard=1837/2000 nodes=183311705 sols=0 skip_q=0 skip_num=0 skip_sieve=0 prefixes=153907908 wide=10565
DONE M=13856993 shard=1838/2000 nodes=192678796 sols=0 skip_q=0 skip_num=0 skip_sieve=0 prefixes=153907908 wide=10264
DONE M=13856993 shard=1839/2000 nodes=253243334 sols=0 skip_q=0 skip_num=0 skip_sieve=0 prefixes=153907908 wide=10615
DONE M=13856993 shard=1840/2000 nodes=215058432 sols=0 skip_q=0 skip_num=0 skip_sieve=0 prefixes=153907908 wide=10078
DONE M=13856993 shard=1841/2000 nodes=157418690 sols=0 skip_q=0 skip_num=0 skip_sieve=0 prefixes=153907908 wide=9190
DONE M=13856993 shard=1842/2000 nodes=168234026 sols=0 skip_q=0 skip_num=0 skip_sieve=0 prefixes=153907908 wide=10191
DONE M=13856993 shard=1843/2000 nodes=160268991 sols=0 skip_q=0 skip_num=0 skip_sieve=0 prefixes=153907908 wide=9630
DONE M=13856993 shard=1844/2000 nodes=316042391 sols=0 skip_q=0 skip_num=0 skip_sieve=0 prefixes=153907908 wide=10472
DONE M=13856993 shard=1845/2000 nodes=159054418 sols=0 skip_q=0 skip_num=0 skip_sieve=0 prefixes=153907908 wide=10245
DONE M=13856993 shard=1846/2000 nodes=151970194 sols=0 skip_q=0 skip_num=0 skip_sieve=0 prefixes=153907908 wide=9331
DONE M=13856993 shard=1847/2000 nodes=178135146 sols=0 skip_q=0 skip_num=0 skip_sieve=0 prefixes=153907908 wide=10522
DONE M=13856993 shard=1848/2000 nodes=298384106 sols=0 skip_q=0 skip_num=0 skip_sieve=0 prefixes=153907908 wide=10406
DONE M=13856993 shard=1849/2000 nodes=330691110 sols=0 skip_q=0 skip_num=0 skip_sieve=0 prefixes=153907908 wide=10257
DONE M=13856993 shard=1850/2000 nodes=153852045 sols=0 skip_q=0 skip_num=0 skip_sieve=0 prefixes=153907908 wide=9740
DONE M=13856993 shard=1851/2000 nodes=171547628 sols=0 skip_q=0 skip_num=0 skip_sieve=0 prefixes=153907908 wide=9616
DONE M=13856993 shard=1852/2000 nodes=207873979 sols=0 skip_q=0 skip_num=0 skip_sieve=0 prefixes=153907908 wide=10336
DONE M=13856993 shard=1853/2000 nodes=203368599 sols=0 skip_q=0 skip_num=0 skip_sieve=0 prefixes=153907908 wide=10594
DONE M=13856993 shard=1854/2000 nodes=176160071 sols=0 skip_q=0 skip_num=0 skip_sieve=0 prefixes=153907908 wide=10337
DONE M=13856993 shard=1855/2000 nodes=159100287 sols=0 skip_q=0 skip_num=0 skip_sieve=0 prefixes=153907908 wide=10049
DONE M=13856993 shard=1856/2000 nodes=212241960 sols=0 skip_q=0 skip_num=0 skip_sieve=0 prefixes=153907908 wide=9297
DONE M=13856993 shard=1857/2000 nodes=167389422 sols=0 skip_q=0 skip_num=0 skip_sieve=0 prefixes=153907908 wide=10217
DONE M=13856993 shard=1858/2000 nodes=222274908 sols=0 skip_q=0 skip_num=0 skip_sieve=0 prefixes=153907908 wide=10276
DONE M=13856993 shard=1859/2000 nodes=238440806 sols=0 skip_q=0 skip_num=0 skip_sieve=0 prefixes=153907908 wide=9632
DONE M=13856993 shard=1860/2000 nodes=187029716 sols=0 skip_q=0 skip_num=0 skip_sieve=0 prefixes=153907908 wide=10064
DONE M=13856993 shard=1861/2000 nodes=190480220 sols=0 skip_q=0 skip_num=0 skip_sieve=0 prefixes=153907908 wide=9546
DONE M=13856993 shard=1862/2000 nodes=156907267 sols=0 skip_q=0 skip_num=0 skip_sieve=0 prefixes=153907908 wide=10194
DONE M=13856993 shard=1863/2000 nodes=193359825 sols=0 skip_q=0 skip_num=0 skip_sieve=0 prefixes=153907908 wide=10616
DONE M=13856993 shard=1864/2000 nodes=455376397 sols=0 skip_q=0 skip_num=0 skip_sieve=0 prefixes=153907908 wide=10462
DONE M=13856993 shard=1865/2000 nodes=155710640 sols=0 skip_q=0 skip_num=0 skip_sieve=0 prefixes=153907908 wide=10170
DONE M=13856993 shard=1866/2000 nodes=178962231 sols=0 skip_q=0 skip_num=0 skip_sieve=0 prefixes=153907908 wide=9325
DONE M=13856993 shard=1867/2000 nodes=172350641 sols=0 skip_q=0 skip_num=0 skip_sieve=0 prefixes=153907908 wide=10309
DONE M=13856993 shard=1868/2000 nodes=239606561 sols=0 skip_q=0 skip_num=0 skip_sieve=0 prefixes=153907908 wide=10407
DONE M=13856993 shard=1869/2000 nodes=256607779 sols=0 skip_q=0 skip_num=0 skip_sieve=0 prefixes=153907908 wide=10598
DONE M=13856993 shard=1870/2000 nodes=143191929 sols=0 skip_q=0 skip_num=0 skip_sieve=0 prefixes=153907908 wide=9934
DONE M=13856993 shard=1871/2000 nodes=177624515 sols=0 skip_q=0 skip_num=0 skip_sieve=0 prefixes=153907908 wide=9834
DONE M=13856993 shard=1872/2000 nodes=227156583 sols=0 skip_q=0 skip_num=0 skip_sieve=0 prefixes=153907908 wide=10320
DONE M=13856993 shard=1873/2000 nodes=184699691 sols=0 skip_q=0 skip_num=0 skip_sieve=0 prefixes=153907908 wide=10251
DONE M=13856993 shard=1874/2000 nodes=200293297 sols=0 skip_q=0 skip_num=0 skip_sieve=0 prefixes=153907908 wide=10341
DONE M=13856993 shard=1875/2000 nodes=141914478 sols=0 skip_q=0 skip_num=0 skip_sieve=0 prefixes=153907908 wide=9062
DONE M=13856993 shard=1876/2000 nodes=187322300 sols=0 skip_q=0 skip_num=0 skip_sieve=0 prefixes=153907908 wide=9445
DONE M=13856993 shard=1877/2000 nodes=187475301 sols=0 skip_q=0 skip_num=0 skip_sieve=0 prefixes=153907908 wide=10574
DONE M=13856993 shard=1878/2000 nodes=191203954 sols=0 skip_q=0 skip_num=0 skip_sieve=0 prefixes=153907908 wide=10280
DONE M=13856993 shard=1879/2000 nodes=253476982 sols=0 skip_q=0 skip_num=0 skip_sieve=0 prefixes=153907908 wide=10629
DONE M=13856993 shard=1880/2000 nodes=247644414 sols=0 skip_q=0 skip_num=0 skip_sieve=0 prefixes=153907908 wide=10055
DONE M=13856993 shard=1881/2000 nodes=155588382 sols=0 skip_q=0 skip_num=0 skip_sieve=0 prefixes=153907908 wide=9042
DONE M=13856993 shard=1882/2000 nodes=179172299 sols=0 skip_q=0 skip_num=0 skip_sieve=0 prefixes=153907908 wide=10185
DONE M=13856993 shard=1883/2000 nodes=199585612 sols=0 skip_q=0 skip_num=0 skip_sieve=0 prefixes=153907908 wide=10402
DONE M=13856993 shard=1884/2000 nodes=315047306 sols=0 skip_q=0 skip_num=0 skip_sieve=0 prefixes=153907908 wide=10469
DONE M=13856993 shard=1885/2000 nodes=162305835 sols=0 skip_q=0 skip_num=0 skip_sieve=0 prefixes=153907908 wide=10220
DONE M=13856993 shard=1886/2000 nodes=164539060 sols=0 skip_q=0 skip_num=0 skip_sieve=0 prefixes=153907908 wide=9223
DONE M=13856993 shard=1887/2000 nodes=176705781 sols=0 skip_q=0 skip_num=0 skip_sieve=0 prefixes=153907908 wide=10539
DONE M=13856993 shard=1888/2000 nodes=263100921 sols=0 skip_q=0 skip_num=0 skip_sieve=0 prefixes=153907908 wide=10406
DONE M=13856993 shard=1889/2000 nodes=240184587 sols=0 skip_q=0 skip_num=0 skip_sieve=0 prefixes=153907908 wide=10259
DONE M=13856993 shard=1890/2000 nodes=152332617 sols=0 skip_q=0 skip_num=0 skip_sieve=0 prefixes=153907908 wide=9936
DONE M=13856993 shard=1891/2000 nodes=163108686 sols=0 skip_q=0 skip_num=0 skip_sieve=0 prefixes=153907908 wide=8851
DONE M=13856993 shard=1892/2000 nodes=203129367 sols=0 skip_q=0 skip_num=0 skip_sieve=0 prefixes=153907908 wide=10311
DONE M=13856993 shard=1893/2000 nodes=204262076 sols=0 skip_q=0 skip_num=0 skip_sieve=0 prefixes=153907908 wide=10609
DONE M=13856993 shard=1894/2000 nodes=177326615 sols=0 skip_q=0 skip_num=0 skip_sieve=0 prefixes=153907908 wide=10337
DONE M=13856993 shard=1895/2000 nodes=161657670 sols=0 skip_q=0 skip_num=0 skip_sieve=0 prefixes=153907908 wide=10054
DONE M=13856993 shard=1896/2000 nodes=246416577 sols=0 skip_q=0 skip_num=0 skip_sieve=0 prefixes=153907908 wide=9448
DONE M=13856993 shard=1897/2000 nodes=165526739 sols=0 skip_q=0 skip_num=0 skip_sieve=0 prefixes=153907908 wide=10222
DONE M=13856993 shard=1898/2000 nodes=210767132 sols=0 skip_q=0 skip_num=0 skip_sieve=0 prefixes=153907908 wide=10275
DONE M=13856993 shard=1899/2000 nodes=301386700 sols=0 skip_q=0 skip_num=0 skip_sieve=0 prefixes=153907908 wide=10396
DONE M=13856993 shard=1900/2000 nodes=181342038 sols=0 skip_q=0 skip_num=0 skip_sieve=0 prefixes=153907908 wide=9874
DONE M=13856993 shard=1901/2000 nodes=169678712 sols=0 skip_q=0 skip_num=0 skip_sieve=0 prefixes=153907908 wide=9548
DONE M=13856993 shard=1902/2000 nodes=159951384 sols=0 skip_q=0 skip_num=0 skip_sieve=0 prefixes=153907908 wide=10183
DONE M=13856993 shard=1903/2000 nodes=194091381 sols=0 skip_q=0 skip_num=0 skip_sieve=0 prefixes=153907908 wide=10622
DONE M=13856993 shard=1904/2000 nodes=376401589 sols=0 skip_q=0 skip_num=0 skip_sieve=0 prefixes=153907908 wide=10479
DONE M=13856993 shard=1905/2000 nodes=155461173 sols=0 skip_q=0 skip_num=0 skip_sieve=0 prefixes=153907908 wide=10170
DONE M=13856993 shard=1906/2000 nodes=160684701 sols=0 skip_q=0 skip_num=0 skip_sieve=0 prefixes=153907908 wide=9166
DONE M=13856993 shard=1907/2000 nodes=163256782 sols=0 skip_q=0 skip_num=0 skip_sieve=0 prefixes=153907908 wide=9541
DONE M=13856993 shard=1908/2000 nodes=260625046 sols=0 skip_q=0 skip_num=0 skip_sieve=0 prefixes=153907908 wide=10400
DONE M=13856993 shard=1909/2000 nodes=258187621 sols=0 skip_q=0 skip_num=0 skip_sieve=0 prefixes=153907908 wide=10625
DONE M=13856993 shard=1910/2000 nodes=142032247 sols=0 skip_q=0 skip_num=0 skip_sieve=0 prefixes=153907908 wide=9933
DONE M=13856993 shard=1911/2000 nodes=187708834 sols=0 skip_q=0 skip_num=0 skip_sieve=0 prefixes=153907908 wide=9833
DONE M=13856993 shard=1912/2000 nodes=263548411 sols=0 skip_q=0 skip_num=0 skip_sieve=0 prefixes=153907908 wide=10322
DONE M=13856993 shard=1913/2000 nodes=183791724 sols=0 skip_q=0 skip_num=0 skip_sieve=0 prefixes=153907908 wide=10257
DONE M=13856993 shard=1914/2000 nodes=194704523 sols=0 skip_q=0 skip_num=0 skip_sieve=0 prefixes=153907908 wide=10330
DONE M=13856993 shard=1915/2000 nodes=153698704 sols=0 skip_q=0 skip_num=0 skip_sieve=0 prefixes=153907908 wide=9829
DONE M=13856993 shard=1916/2000 nodes=186960514 sols=0 skip_q=0 skip_num=0 skip_sieve=0 prefixes=153907908 wide=9459
DONE M=13856993 shard=1917/2000 nodes=187495020 sols=0 skip_q=0 skip_num=0 skip_sieve=0 prefixes=153907908 wide=10579
DONE M=13856993 shard=1918/2000 nodes=192642914 sols=0 skip_q=0 skip_num=0 skip_sieve=0 prefixes=153907908 wide=10277
DONE M=13856993 shard=1919/2000 nodes=252743799 sols=0 skip_q=0 skip_num=0 skip_sieve=0 prefixes=153907908 wide=10627
DONE M=13856993 shard=1920/2000 nodes=212294490 sols=0 skip_q=0 skip_num=0 skip_sieve=0 prefixes=153907908 wide=10074
DONE M=13856993 shard=1921/2000 nodes=158120080 sols=0 skip_q=0 skip_num=0 skip_sieve=0 prefixes=153907908 wide=9194
DONE M=13856993 shard=1922/2000 nodes=164489878 sols=0 skip_q=0 skip_num=0 skip_sieve=0 prefixes=153907908 wide=10194
DONE M=13856993 shard=1923/2000 nodes=161376011 sols=0 skip_q=0 skip_num=0 skip_sieve=0 prefixes=153907908 wide=9615
DONE M=13856993 shard=1924/2000 nodes=389724988 sols=0 skip_q=0 skip_num=0 skip_sieve=0 prefixes=153907908 wide=10472
DONE M=13856993 shard=1925/2000 nodes=158823640 sols=0 skip_q=0 skip_num=0 skip_sieve=0 prefixes=153907908 wide=10215
DONE M=13856993 shard=1926/2000 nodes=153624500 sols=0 skip_q=0 skip_num=0 skip_sieve=0 prefixes=153907908 wide=9325
DONE M=13856993 shard=1927/2000 nodes=181719781 sols=0 skip_q=0 skip_num=0 skip_sieve=0 prefixes=153907908 wide=10532
DONE M=13856993 shard=1928/2000 nodes=295452489 sols=0 skip_q=0 skip_num=0 skip_sieve=0 prefixes=153907908 wide=10395
DONE M=13856993 shard=1929/2000 nodes=237697053 sols=0 skip_q=0 skip_num=0 skip_sieve=0 prefixes=153907908 wide=10259
DONE M=13856993 shard=1930/2000 nodes=160318057 sols=0 skip_q=0 skip_num=0 skip_sieve=0 prefixes=153907908 wide=9944
DONE M=13856993 shard=1931/2000 nodes=169945020 sols=0 skip_q=0 skip_num=0 skip_sieve=0 prefixes=153907908 wide=9458
DONE M=13856993 shard=1932/2000 nodes=204072840 sols=0 skip_q=0 skip_num=0 skip_sieve=0 prefixes=153907908 wide=10306
DONE M=13856993 shard=1933/2000 nodes=225044533 sols=0 skip_q=0 skip_num=0 skip_sieve=0 prefixes=153907908 wide=10599
DONE M=13856993 shard=1934/2000 nodes=178066918 sols=0 skip_q=0 skip_num=0 skip_sieve=0 prefixes=153907908 wide=10330
DONE M=13856993 shard=1935/2000 nodes=160321478 sols=0 skip_q=0 skip_num=0 skip_sieve=0 prefixes=153907908 wide=10058
DONE M=13856993 shard=1936/2000 nodes=213809668 sols=0 skip_q=0 skip_num=0 skip_sieve=0 prefixes=153907908 wide=9370
DONE M=13856993 shard=1937/2000 nodes=164853552 sols=0 skip_q=0 skip_num=0 skip_sieve=0 prefixes=153907908 wide=10217
DONE M=13856993 shard=1938/2000 nodes=197928885 sols=0 skip_q=0 skip_num=0 skip_sieve=0 prefixes=153907908 wide=10267
DONE M=13856993 shard=1939/2000 nodes=238852821 sols=0 skip_q=0 skip_num=0 skip_sieve=0 prefixes=153907908 wide=9637
DONE M=13856993 shard=1940/2000 nodes=190181663 sols=0 skip_q=0 skip_num=0 skip_sieve=0 prefixes=153907908 wide=10068
DONE M=13856993 shard=1941/2000 nodes=173551587 sols=0 skip_q=0 skip_num=0 skip_sieve=0 prefixes=153907908 wide=9554
DONE M=13856993 shard=1942/2000 nodes=159391567 sols=0 skip_q=0 skip_num=0 skip_sieve=0 prefixes=153907908 wide=10195
DONE M=13856993 shard=1943/2000 nodes=195188293 sols=0 skip_q=0 skip_num=0 skip_sieve=0 prefixes=153907908 wide=10629
DONE M=13856993 shard=1944/2000 nodes=455758566 sols=0 skip_q=0 skip_num=0 skip_sieve=0 prefixes=153907908 wide=10459
DONE M=13856993 shard=1945/2000 nodes=155952994 sols=0 skip_q=0 skip_num=0 skip_sieve=0 prefixes=153907908 wide=10176
DONE M=13856993 shard=1946/2000 nodes=176976630 sols=0 skip_q=0 skip_num=0 skip_sieve=0 prefixes=153907908 wide=9320
DONE M=13856993 shard=1947/2000 nodes=171565220 sols=0 skip_q=0 skip_num=0 skip_sieve=0 prefixes=153907908 wide=10308
DONE M=13856993 shard=1948/2000 nodes=239224446 sols=0 skip_q=0 skip_num=0 skip_sieve=0 prefixes=153907908 wide=10408
DONE M=13856993 shard=1949/2000 nodes=313873993 sols=0 skip_q=0 skip_num=0 skip_sieve=0 prefixes=153907908 wide=10609
DONE M=13856993 shard=1950/2000 nodes=136948584 sols=0 skip_q=0 skip_num=0 skip_sieve=0 prefixes=153907908 wide=9732
DONE M=13856993 shard=1951/2000 nodes=177996457 sols=0 skip_q=0 skip_num=0 skip_sieve=0 prefixes=153907908 wide=9845
DONE M=13856993 shard=1952/2000 nodes=234664665 sols=0 skip_q=0 skip_num=0 skip_sieve=0 prefixes=153907908 wide=10343
DONE M=13856993 shard=1953/2000 nodes=185531849 sols=0 skip_q=0 skip_num=0 skip_sieve=0 prefixes=153907908 wide=10245
DONE M=13856993 shard=1954/2000 nodes=183145974 sols=0 skip_q=0 skip_num=0 skip_sieve=0 prefixes=153907908 wide=10339
DONE M=13856993 shard=1955/2000 nodes=143501057 sols=0 skip_q=0 skip_num=0 skip_sieve=0 prefixes=153907908 wide=9056
DONE M=13856993 shard=1956/2000 nodes=184843365 sols=0 skip_q=0 skip_num=0 skip_sieve=0 prefixes=153907908 wide=9287
DONE M=13856993 shard=1957/2000 nodes=185667287 sols=0 skip_q=0 skip_num=0 skip_sieve=0 prefixes=153907908 wide=10571
DONE M=13856993 shard=1958/2000 nodes=214600483 sols=0 skip_q=0 skip_num=0 skip_sieve=0 prefixes=153907908 wide=10271
DONE M=13856993 shard=1959/2000 nodes=253071882 sols=0 skip_q=0 skip_num=0 skip_sieve=0 prefixes=153907908 wide=10623
DONE M=13856993 shard=1960/2000 nodes=247036635 sols=0 skip_q=0 skip_num=0 skip_sieve=0 prefixes=153907908 wide=10066
DONE M=13856993 shard=1961/2000 nodes=167695933 sols=0 skip_q=0 skip_num=0 skip_sieve=0 prefixes=153907908 wide=9198
DONE M=13856993 shard=1962/2000 nodes=177294545 sols=0 skip_q=0 skip_num=0 skip_sieve=0 prefixes=153907908 wide=10199
DONE M=13856993 shard=1963/2000 nodes=180855456 sols=0 skip_q=0 skip_num=0 skip_sieve=0 prefixes=153907908 wide=10402
DONE M=13856993 shard=1964/2000 nodes=314383893 sols=0 skip_q=0 skip_num=0 skip_sieve=0 prefixes=153907908 wide=10469
DONE M=13856993 shard=1965/2000 nodes=161360833 sols=0 skip_q=0 skip_num=0 skip_sieve=0 prefixes=153907908 wide=10219
DONE M=13856993 shard=1966/2000 nodes=153966802 sols=0 skip_q=0 skip_num=0 skip_sieve=0 prefixes=153907908 wide=9335
DONE M=13856993 shard=1967/2000 nodes=179287668 sols=0 skip_q=0 skip_num=0 skip_sieve=0 prefixes=153907908 wide=10532
DONE M=13856993 shard=1968/2000 nodes=265513196 sols=0 skip_q=0 skip_num=0 skip_sieve=0 prefixes=153907908 wide=10402
DONE M=13856993 shard=1969/2000 nodes=239021886 sols=0 skip_q=0 skip_num=0 skip_sieve=0 prefixes=153907908 wide=10260
DONE M=13856993 shard=1970/2000 nodes=148012773 sols=0 skip_q=0 skip_num=0 skip_sieve=0 prefixes=153907908 wide=9933
DONE M=13856993 shard=1971/2000 nodes=163095765 sols=0 skip_q=0 skip_num=0 skip_sieve=0 prefixes=153907908 wide=8854
DONE M=13856993 shard=1972/2000 nodes=201912985 sols=0 skip_q=0 skip_num=0 skip_sieve=0 prefixes=153907908 wide=10320
DONE M=13856993 shard=1973/2000 nodes=205610971 sols=0 skip_q=0 skip_num=0 skip_sieve=0 prefixes=153907908 wide=10598
DONE M=13856993 shard=1974/2000 nodes=202891925 sols=0 skip_q=0 skip_num=0 skip_sieve=0 prefixes=153907908 wide=10334
DONE M=13856993 shard=1975/2000 nodes=161123009 sols=0 skip_q=0 skip_num=0 skip_sieve=0 prefixes=153907908 wide=10052
DONE M=13856993 shard=1976/2000 nodes=246387234 sols=0 skip_q=0 skip_num=0 skip_sieve=0 prefixes=153907908 wide=9454
DONE M=13856993 shard=1977/2000 nodes=170967042 sols=0 skip_q=0 skip_num=0 skip_sieve=0 prefixes=153907908 wide=10212
DONE M=13856993 shard=1978/2000 nodes=211200044 sols=0 skip_q=0 skip_num=0 skip_sieve=0 prefixes=153907908 wide=10277
DONE M=13856993 shard=1979/2000 nodes=245273704 sols=0 skip_q=0 skip_num=0 skip_sieve=0 prefixes=153907908 wide=10390
DONE M=13856993 shard=1980/2000 nodes=186957624 sols=0 skip_q=0 skip_num=0 skip_sieve=0 prefixes=153907908 wide=10066
DONE M=13856993 shard=1981/2000 nodes=168185519 sols=0 skip_q=0 skip_num=0 skip_sieve=0 prefixes=153907908 wide=9397
DONE M=13856993 shard=1982/2000 nodes=158970294 sols=0 skip_q=0 skip_num=0 skip_sieve=0 prefixes=153907908 wide=10185
DONE M=13856993 shard=1983/2000 nodes=211754762 sols=0 skip_q=0 skip_num=0 skip_sieve=0 prefixes=153907908 wide=10625
DONE M=13856993 shard=1984/2000 nodes=374995594 sols=0 skip_q=0 skip_num=0 skip_sieve=0 prefixes=153907908 wide=10464
DONE M=13856993 shard=1985/2000 nodes=155881476 sols=0 skip_q=0 skip_num=0 skip_sieve=0 prefixes=153907908 wide=10162
DONE M=13856993 shard=1986/2000 nodes=184885521 sols=0 skip_q=0 skip_num=0 skip_sieve=0 prefixes=153907908 wide=9222
DONE M=13856993 shard=1987/2000 nodes=161485333 sols=0 skip_q=0 skip_num=0 skip_sieve=0 prefixes=153907908 wide=9534
DONE M=13856993 shard=1988/2000 nodes=236255825 sols=0 skip_q=0 skip_num=0 skip_sieve=0 prefixes=153907908 wide=10413
DONE M=13856993 shard=1989/2000 nodes=257547830 sols=0 skip_q=0 skip_num=0 skip_sieve=0 prefixes=153907908 wide=10596
DONE M=13856993 shard=1990/2000 nodes=144279711 sols=0 skip_q=0 skip_num=0 skip_sieve=0 prefixes=153907908 wide=9935
DONE M=13856993 shard=1991/2000 nodes=179363949 sols=0 skip_q=0 skip_num=0 skip_sieve=0 prefixes=153907908 wide=9829
DONE M=13856993 shard=1992/2000 nodes=264958132 sols=0 skip_q=0 skip_num=0 skip_sieve=0 prefixes=153907908 wide=10323
DONE M=13856993 shard=1993/2000 nodes=185376933 sols=0 skip_q=0 skip_num=0 skip_sieve=0 prefixes=153907908 wide=10258
DONE M=13856993 shard=1994/2000 nodes=194378561 sols=0 skip_q=0 skip_num=0 skip_sieve=0 prefixes=153907908 wide=10339
DONE M=13856993 shard=1995/2000 nodes=151603628 sols=0 skip_q=0 skip_num=0 skip_sieve=0 prefixes=153907908 wide=9827
DONE M=13856993 shard=1996/2000 nodes=186085094 sols=0 skip_q=0 skip_num=0 skip_sieve=0 prefixes=153907908 wide=9446
DONE M=13856993 shard=1997/2000 nodes=183810243 sols=0 skip_q=0 skip_num=0 skip_sieve=0 prefixes=153907908 wide=10570
DONE M=13856993 shard=1998/2000 nodes=193777557 sols=0 skip_q=0 skip_num=0 skip_sieve=0 prefixes=153907908 wide=10279
DONE M=13856993 shard=1999/2000 nodes=307427259 sols=0 skip_q=0 skip_num=0 skip_sieve=0 prefixes=153907908 wide=10625
